source,time,region,region_code,lat,lon,temp,temp_feels,hum,pressure,wind_speed,wind_dir,weather_code,processed_at,quality_flag,weather_label
open-meteo,2026-05-14 16:57:02.066961+00:00,Dakar,DK,14.6928,-17.4467,22.7,21.9,68.0,1009.5,21.3,355,2,2026-05-14T16:57:07.454032+00:00,OK,
openweathermap,2026-05-14 16:57:06.385762+00:00,Dakar,DK,14.6928,-17.4467,22.93,23.39,81.0,1011.0,6.17,320,802,2026-05-14T16:57:07.349914+00:00,OK,partiellement nuageux
open-meteo,2026-05-14 16:57:10.054914+00:00,Thiès,TH,14.7886,-16.9255,26.2,25.0,50.0,1001.4,19.7,337,3,2026-05-14T16:57:14.433028+00:00,OK,
openweathermap,2026-05-14 16:57:14.336558+00:00,Thiès,TH,14.7886,-16.9255,26.08,26.08,52.0,1010.0,6.15,328,804,2026-05-14T16:57:14.466256+00:00,OK,couvert
open-meteo,2026-05-14 16:57:20.260413+00:00,Diourbel,DB,14.6554,-16.2322,34.3,33.7,31.0,1007.0,14.9,305,1,2026-05-14T16:57:24.891399+00:00,OK,
openweathermap,2026-05-14 16:57:24.599260+00:00,Diourbel,DB,14.6554,-16.2322,35.09,36.79,38.0,1008.0,3.09,360,800,2026-05-14T16:57:24.786491+00:00,OK,ciel dégagé
open-meteo,2026-05-14 16:57:28.358351+00:00,Fatick,FK,14.339,-16.4114,34.8,35.0,32.0,1007.6,11.8,293,1,2026-05-14T16:57:32.882068+00:00,OK,
openweathermap,2026-05-14 16:57:32.669171+00:00,Fatick,FK,14.339,-16.4114,31.87,31.45,36.0,1009.0,6.15,241,802,2026-05-14T16:57:32.999631+00:00,OK,partiellement nuageux
open-meteo,2026-05-14 16:57:38.578288+00:00,Kaolack,KL,14.1652,-16.0726,36.0,35.6,28.0,1007.1,14.1,281,1,2026-05-14T16:57:43.133087+00:00,OK,
openweathermap,2026-05-14 16:57:42.949864+00:00,Kaolack,KL,14.1652,-16.0726,35.97,37.18,34.0,1008.0,4.12,320,800,2026-05-14T16:57:43.569751+00:00,OK,ciel dégagé
open-meteo,2026-05-14 16:57:45.840562+00:00,Kaffrine,KF,14.1059,-15.5503,36.3,36.1,31.0,1006.2,16.2,274,0,2026-05-14T16:57:50.302769+00:00,OK,
openweathermap,2026-05-14 16:57:50.136686+00:00,Kaffrine,KF,14.1059,-15.5503,36.06,34.94,24.0,1008.0,7.71,238,802,2026-05-14T16:57:50.247250+00:00,OK,partiellement nuageux
open-meteo,2026-05-14 16:57:56.070943+00:00,Tambacounda,TC,13.7707,-13.6673,39.3,39.0,26.0,1002.8,17.3,239,1,2026-05-14T16:58:00.524181+00:00,OK,
openweathermap,2026-05-14 16:58:00.379266+00:00,Tambacounda,TC,13.7707,-13.6673,41.12,45.9,31.0,1005.0,4.12,240,800,2026-05-14T16:58:00.584737+00:00,OK,ciel dégagé
open-meteo,2026-05-14 16:58:03.361289+00:00,Kédougou,KD,12.5559,-12.1747,36.3,37.7,40.0,994.2,18.6,258,51,2026-05-14T16:58:08.113285+00:00,OK,
openweathermap,2026-05-14 16:58:07.984739+00:00,Kédougou,KD,12.5559,-12.1747,39.31,46.0,39.0,1006.0,4.63,250,801,2026-05-14T16:58:08.196164+00:00,OK,peu nuageux
open-meteo,2026-05-14 16:58:13.925728+00:00,Kolda,KO,12.8989,-14.9413,37.5,38.2,32.0,1004.4,14.6,249,0,2026-05-14T16:58:18.354680+00:00,OK,
openweathermap,2026-05-14 16:58:18.208728+00:00,Kolda,KO,12.8989,-14.9413,41.05,43.78,27.0,1006.0,4.12,220,800,2026-05-14T16:58:18.407566+00:00,OK,ciel dégagé
open-meteo,2026-05-14 16:58:21.141070+00:00,Sédhiou,SD,12.708,-15.5569,36.0,36.7,35.0,1005.8,16.1,241,0,2026-05-14T16:58:25.638305+00:00,OK,
openweathermap,2026-05-14 16:58:25.408500+00:00,Sédhiou,SD,12.708,-15.5569,37.53,37.47,26.0,1007.0,5.66,252,802,2026-05-14T16:58:25.564512+00:00,OK,partiellement nuageux
open-meteo,2026-05-14 16:58:31.299720+00:00,Ziguinchor,ZG,12.5681,-16.2719,31.5,31.5,39.0,1007.5,14.2,263,0,2026-05-14T16:58:36.003340+00:00,OK,
openweathermap,2026-05-14 16:58:35.600284+00:00,Ziguinchor,ZG,12.5681,-16.2719,34.03,39.15,52.0,1009.0,4.12,300,802,2026-05-14T16:58:35.826969+00:00,OK,partiellement nuageux
open-meteo,2026-05-14 16:58:38.536980+00:00,Saint-Louis,SL,16.0179,-16.4896,24.7,23.0,53.0,1008.9,22.5,332,2,2026-05-14T16:58:42.986920+00:00,OK,
openweathermap,2026-05-14 16:58:42.808119+00:00,Saint-Louis,SL,16.0179,-16.4896,21.12,21.3,77.0,1009.0,6.51,305,801,2026-05-14T16:58:42.919568+00:00,OK,peu nuageux
open-meteo,2026-05-14 16:58:48.688125+00:00,Louga,LG,15.6179,-16.2241,30.0,29.0,40.0,1004.2,18.1,299,2,2026-05-14T16:58:53.277483+00:00,OK,
openweathermap,2026-05-14 16:58:53.094587+00:00,Louga,LG,15.6179,-16.2241,26.83,27.2,49.0,1009.0,7.7,291,804,2026-05-14T16:58:53.419831+00:00,OK,couvert
open-meteo,2026-05-14 16:58:55.994015+00:00,Matam,MT,15.6559,-13.2557,40.8,39.1,18.0,1002.8,15.7,283,0,2026-05-14T16:59:00.434936+00:00,OK,
openweathermap,2026-05-14 16:59:00.287846+00:00,Matam,MT,15.6559,-13.2557,41.03,44.7,29.0,1005.0,4.12,280,800,2026-05-14T16:59:00.557098+00:00,OK,ciel dégagé
openweathermap,2026-05-14 17:00:21.878750+00:00,Dakar,DK,14.6928,-17.4467,22.93,23.39,81.0,1011.0,6.17,320,802,2026-05-14T17:00:22.090128+00:00,OK,partiellement nuageux
open-meteo,2026-05-14 17:00:31.358513+00:00,Thiès,TH,14.7886,-16.9255,25.9,24.6,51.0,1001.4,19.7,337,3,2026-05-14T17:00:35.786974+00:00,OK,
openweathermap,2026-05-14 17:00:35.671929+00:00,Thiès,TH,14.7886,-16.9255,26.08,26.08,52.0,1010.0,6.15,328,804,2026-05-14T17:00:35.850686+00:00,OK,couvert
open-meteo,2026-05-14 17:00:43.238415+00:00,Diourbel,DB,14.6554,-16.2322,34.0,33.2,31.0,1007.0,15.2,306,1,2026-05-14T17:00:47.750726+00:00,OK,
openweathermap,2026-05-14 17:00:47.596151+00:00,Diourbel,DB,14.6554,-16.2322,35.09,36.79,38.0,1008.0,3.09,360,800,2026-05-14T17:00:47.846880+00:00,OK,ciel dégagé
open-meteo,2026-05-14 17:00:54.489975+00:00,Fatick,FK,14.339,-16.4114,34.5,34.8,32.0,1007.6,11.8,296,1,2026-05-14T17:00:59.071228+00:00,OK,
openweathermap,2026-05-14 17:00:58.894035+00:00,Fatick,FK,14.339,-16.4114,31.87,31.45,36.0,1009.0,6.15,241,802,2026-05-14T17:00:59.044663+00:00,OK,partiellement nuageux
open-meteo,2026-05-14 17:01:01.353700+00:00,Kaolack,KL,14.1652,-16.0726,35.9,35.5,29.0,1007.1,14.1,281,1,2026-05-14T17:01:05.774559+00:00,OK,
openweathermap,2026-05-14 17:01:05.648751+00:00,Kaolack,KL,14.1652,-16.0726,35.97,37.18,34.0,1008.0,4.12,320,800,2026-05-14T17:01:05.836333+00:00,OK,ciel dégagé
open-meteo,2026-05-14 17:01:11.999889+00:00,Kaffrine,KF,14.1059,-15.5503,36.2,36.0,31.0,1006.1,16.4,274,0,2026-05-14T17:01:16.431374+00:00,OK,
openweathermap,2026-05-14 17:01:16.291347+00:00,Kaffrine,KF,14.1059,-15.5503,36.06,34.94,24.0,1008.0,7.71,238,802,2026-05-14T17:01:16.862964+00:00,OK,partiellement nuageux
open-meteo,2026-05-14 17:01:19.017157+00:00,Tambacounda,TC,13.7707,-13.6673,39.2,38.9,26.0,1002.8,17.1,240,1,2026-05-14T17:01:23.506022+00:00,OK,
openweathermap,2026-05-14 17:01:23.337987+00:00,Tambacounda,TC,13.7707,-13.6673,41.12,45.9,31.0,1005.0,4.12,240,800,2026-05-14T17:01:23.544869+00:00,OK,ciel dégagé
open-meteo,2026-05-14 17:01:29.255221+00:00,Kédougou,KD,12.5559,-12.1747,36.1,37.5,40.0,994.2,18.7,257,51,2026-05-14T17:01:33.887144+00:00,OK,
openweathermap,2026-05-14 17:01:33.711932+00:00,Kédougou,KD,12.5559,-12.1747,39.31,46.0,39.0,1006.0,4.63,250,801,2026-05-14T17:01:33.982631+00:00,OK,peu nuageux
open-meteo,2026-05-14 17:01:36.557682+00:00,Kolda,KO,12.8989,-14.9413,37.3,38.0,32.0,1004.4,14.8,249,0,2026-05-14T17:01:41.068466+00:00,OK,
openweathermap,2026-05-14 17:01:40.868555+00:00,Kolda,KO,12.8989,-14.9413,41.05,43.78,27.0,1006.0,4.12,220,800,2026-05-14T17:01:40.996536+00:00,OK,ciel dégagé
open-meteo,2026-05-14 17:01:46.849530+00:00,Sédhiou,SD,12.708,-15.5569,35.8,36.4,36.0,1005.8,16.5,242,0,2026-05-14T17:01:51.788463+00:00,OK,
openweathermap,2026-05-14 17:01:51.265233+00:00,Sédhiou,SD,12.708,-15.5569,37.53,37.47,26.0,1007.0,5.66,252,802,2026-05-14T17:01:51.349265+00:00,OK,partiellement nuageux
open-meteo,2026-05-14 17:01:54.067285+00:00,Ziguinchor,ZG,12.5681,-16.2719,31.1,31.1,40.0,1007.5,14.0,263,0,2026-05-14T17:01:58.500511+00:00,OK,
openweathermap,2026-05-14 17:01:58.356131+00:00,Ziguinchor,ZG,12.5681,-16.2719,34.03,39.15,52.0,1009.0,4.12,300,802,2026-05-14T17:01:58.535284+00:00,OK,partiellement nuageux
open-meteo,2026-05-14 17:02:04.264276+00:00,Saint-Louis,SL,16.0179,-16.4896,24.4,22.7,54.0,1008.9,22.5,333,3,2026-05-14T17:02:08.661338+00:00,OK,
openweathermap,2026-05-14 17:02:08.536389+00:00,Saint-Louis,SL,16.0179,-16.4896,21.12,21.3,77.0,1009.0,6.51,305,801,2026-05-14T17:02:08.700983+00:00,OK,peu nuageux
open-meteo,2026-05-14 17:02:11.620324+00:00,Louga,LG,15.6179,-16.2241,29.5,28.5,41.0,1004.2,18.1,300,2,2026-05-14T17:02:16.073326+00:00,OK,
openweathermap,2026-05-14 17:02:15.922384+00:00,Louga,LG,15.6179,-16.2241,26.83,27.2,49.0,1009.0,7.7,291,804,2026-05-14T17:02:16.102155+00:00,OK,couvert
open-meteo,2026-05-14 17:02:21.868585+00:00,Matam,MT,15.6559,-13.2557,40.6,39.0,19.0,1002.8,15.6,286,0,2026-05-14T17:02:26.300329+00:00,OK,
openweathermap,2026-05-14 17:02:26.139811+00:00,Matam,MT,15.6559,-13.2557,41.03,44.7,29.0,1005.0,4.12,280,800,2026-05-14T17:02:26.268066+00:00,OK,ciel dégagé
open-meteo,2026-05-14 17:03:32.031166+00:00,Dakar,DK,14.6928,-17.4467,22.5,21.7,69.0,1009.5,21.3,355,2,2026-05-14T17:03:36.530522+00:00,OK,
openweathermap,2026-05-14 17:03:36.397279+00:00,Dakar,DK,14.6928,-17.4467,22.93,23.39,81.0,1011.0,6.17,320,802,2026-05-14T17:03:36.568339+00:00,OK,partiellement nuageux
open-meteo,2026-05-14 17:03:40.116782+00:00,Thiès,TH,14.7886,-16.9255,25.9,24.6,51.0,1001.4,19.7,337,3,2026-05-14T17:03:44.518290+00:00,OK,
openweathermap,2026-05-14 17:03:44.436330+00:00,Thiès,TH,14.7886,-16.9255,25.08,25.0,52.0,1010.0,6.15,328,804,2026-05-14T17:03:44.547120+00:00,OK,couvert
open-meteo,2026-05-14 17:03:50.335314+00:00,Diourbel,DB,14.6554,-16.2322,34.0,33.2,31.0,1007.0,15.2,306,1,2026-05-14T17:03:54.809282+00:00,OK,
openweathermap,2026-05-14 17:03:54.689295+00:00,Diourbel,DB,14.6554,-16.2322,35.09,36.79,38.0,1008.0,3.09,360,800,2026-05-14T17:03:54.882921+00:00,OK,ciel dégagé
open-meteo,2026-05-14 17:03:58.479772+00:00,Fatick,FK,14.339,-16.4114,34.5,34.8,32.0,1007.6,11.8,296,1,2026-05-14T17:04:02.951360+00:00,OK,
openweathermap,2026-05-14 17:04:02.873650+00:00,Fatick,FK,14.339,-16.4114,31.87,31.45,36.0,1009.0,6.15,241,802,2026-05-14T17:04:02.982942+00:00,OK,partiellement nuageux
open-meteo,2026-05-14 17:04:08.766589+00:00,Kaolack,KL,14.1652,-16.0726,35.9,35.5,29.0,1007.1,14.1,281,1,2026-05-14T17:04:13.233990+00:00,OK,
openweathermap,2026-05-14 17:04:13.107259+00:00,Kaolack,KL,14.1652,-16.0726,35.97,37.18,34.0,1008.0,4.12,320,800,2026-05-14T17:04:13.192280+00:00,OK,ciel dégagé
open-meteo,2026-05-14 17:04:16.851996+00:00,Kaffrine,KF,14.1059,-15.5503,36.2,36.0,31.0,1006.1,16.4,274,0,2026-05-14T17:04:21.412719+00:00,OK,
openweathermap,2026-05-14 17:04:21.164900+00:00,Kaffrine,KF,14.1059,-15.5503,36.06,34.94,24.0,1008.0,7.71,238,802,2026-05-14T17:04:21.441331+00:00,OK,partiellement nuageux
open-meteo,2026-05-14 17:04:27.100336+00:00,Tambacounda,TC,13.7707,-13.6673,39.2,38.9,26.0,1002.8,17.1,240,1,2026-05-14T17:04:31.572057+00:00,OK,
openweathermap,2026-05-14 17:04:31.443030+00:00,Tambacounda,TC,13.7707,-13.6673,41.12,45.9,31.0,1005.0,4.12,240,800,2026-05-14T17:04:32.056789+00:00,OK,ciel dégagé
open-meteo,2026-05-14 17:04:35.140170+00:00,Kédougou,KD,12.5559,-12.1747,36.1,37.5,40.0,994.2,18.7,257,51,2026-05-14T17:04:39.806403+00:00,OK,
openweathermap,2026-05-14 17:04:39.538427+00:00,Kédougou,KD,12.5559,-12.1747,39.31,46.0,39.0,1006.0,4.63,250,801,2026-05-14T17:04:39.706215+00:00,OK,peu nuageux
open-meteo,2026-05-14 17:04:45.442939+00:00,Kolda,KO,12.8989,-14.9413,37.3,38.0,32.0,1004.4,14.8,249,0,2026-05-14T17:04:50.449518+00:00,OK,
openweathermap,2026-05-14 17:04:49.860555+00:00,Kolda,KO,12.8989,-14.9413,41.05,43.78,27.0,1006.0,4.12,220,800,2026-05-14T17:04:49.952730+00:00,OK,ciel dégagé
open-meteo,2026-05-14 17:04:53.554685+00:00,Sédhiou,SD,12.708,-15.5569,35.8,36.4,36.0,1005.8,16.5,242,0,2026-05-14T17:04:58.060714+00:00,OK,
openweathermap,2026-05-14 17:04:57.913976+00:00,Sédhiou,SD,12.708,-15.5569,37.53,37.47,26.0,1007.0,5.66,252,802,2026-05-14T17:04:58.104680+00:00,OK,partiellement nuageux
open-meteo,2026-05-14 17:05:03.815023+00:00,Ziguinchor,ZG,12.5681,-16.2719,31.1,31.1,40.0,1007.5,14.0,263,0,2026-05-14T17:05:08.278150+00:00,OK,
openweathermap,2026-05-14 17:05:08.148540+00:00,Ziguinchor,ZG,12.5681,-16.2719,34.03,39.15,52.0,1009.0,4.12,300,802,2026-05-14T17:05:08.510444+00:00,OK,partiellement nuageux
open-meteo,2026-05-14 17:05:11.820657+00:00,Saint-Louis,SL,16.0179,-16.4896,24.4,22.7,54.0,1008.9,22.5,333,3,2026-05-14T17:05:16.293163+00:00,OK,
openweathermap,2026-05-14 17:05:16.155982+00:00,Saint-Louis,SL,16.0179,-16.4896,21.12,21.3,77.0,1009.0,6.51,305,801,2026-05-14T17:05:16.393106+00:00,OK,peu nuageux
open-meteo,2026-05-14 17:05:22.067276+00:00,Louga,LG,15.6179,-16.2241,29.5,28.5,41.0,1004.2,18.1,300,2,2026-05-14T17:05:26.620300+00:00,OK,
openweathermap,2026-05-14 17:05:26.458307+00:00,Louga,LG,15.6179,-16.2241,26.83,27.2,49.0,1009.0,7.7,291,804,2026-05-14T17:05:26.691753+00:00,OK,couvert
open-meteo,2026-05-14 17:05:30.253721+00:00,Matam,MT,15.6559,-13.2557,40.6,39.0,19.0,1002.8,15.6,286,0,2026-05-14T17:05:34.749143+00:00,OK,
openweathermap,2026-05-14 17:05:34.566856+00:00,Matam,MT,15.6559,-13.2557,41.03,44.7,29.0,1005.0,4.12,280,800,2026-05-14T17:05:34.703636+00:00,OK,ciel dégagé
open-meteo,2026-05-14 17:06:40.463998+00:00,Dakar,DK,14.6928,-17.4467,22.5,21.7,69.0,1009.5,21.3,355,2,2026-05-14T17:06:44.938937+00:00,OK,
openweathermap,2026-05-14 17:06:44.798910+00:00,Dakar,DK,14.6928,-17.4467,22.93,23.39,81.0,1011.0,6.17,320,802,2026-05-14T17:06:45.007761+00:00,OK,partiellement nuageux
open-meteo,2026-05-14 17:06:48.513495+00:00,Thiès,TH,14.7886,-16.9255,25.9,24.6,51.0,1001.4,19.7,337,3,2026-05-14T17:06:52.987683+00:00,OK,
openweathermap,2026-05-14 17:06:52.867533+00:00,Thiès,TH,14.7886,-16.9255,25.08,25.0,52.0,1010.0,6.15,328,804,2026-05-14T17:06:53.289160+00:00,OK,couvert
open-meteo,2026-05-14 17:06:58.747816+00:00,Diourbel,DB,14.6554,-16.2322,34.0,33.2,31.0,1007.0,15.2,306,1,2026-05-14T17:07:03.430581+00:00,OK,
openweathermap,2026-05-14 17:07:03.145419+00:00,Diourbel,DB,14.6554,-16.2322,35.09,36.79,38.0,1008.0,3.09,360,800,2026-05-14T17:07:03.524192+00:00,OK,ciel dégagé
open-meteo,2026-05-14 17:07:06.825275+00:00,Fatick,FK,14.339,-16.4114,34.5,34.8,32.0,1007.6,11.8,296,1,2026-05-14T17:07:11.374177+00:00,OK,
openweathermap,2026-05-14 17:07:11.223322+00:00,Fatick,FK,14.339,-16.4114,31.87,31.45,36.0,1009.0,6.15,241,802,2026-05-14T17:07:11.437836+00:00,OK,partiellement nuageux
open-meteo,2026-05-14 17:07:17.131309+00:00,Kaolack,KL,14.1652,-16.0726,35.9,35.5,29.0,1007.1,14.1,281,1,2026-05-14T17:07:21.709609+00:00,OK,
openweathermap,2026-05-14 17:07:21.601113+00:00,Kaolack,KL,14.1652,-16.0726,35.97,37.18,34.0,1008.0,4.12,320,800,2026-05-14T17:07:21.752051+00:00,OK,ciel dégagé
open-meteo,2026-05-14 17:07:25.169980+00:00,Kaffrine,KF,14.1059,-15.5503,36.2,36.0,31.0,1006.1,16.4,274,0,2026-05-14T17:07:29.649555+00:00,OK,
openweathermap,2026-05-14 17:07:29.515097+00:00,Kaffrine,KF,14.1059,-15.5503,36.06,34.94,24.0,1008.0,7.71,238,802,2026-05-14T17:07:29.699653+00:00,OK,partiellement nuageux
open-meteo,2026-05-14 17:07:35.464938+00:00,Tambacounda,TC,13.7707,-13.6673,39.2,38.9,26.0,1002.8,17.1,240,1,2026-05-14T17:07:39.960828+00:00,OK,
openweathermap,2026-05-14 17:07:39.809194+00:00,Tambacounda,TC,13.7707,-13.6673,41.12,45.9,31.0,1005.0,4.12,240,800,2026-05-14T17:07:40.003541+00:00,OK,ciel dégagé
open-meteo,2026-05-14 17:07:43.492869+00:00,Kédougou,KD,12.5559,-12.1747,36.1,37.5,40.0,994.2,18.7,257,51,2026-05-14T17:07:47.938052+00:00,OK,
openweathermap,2026-05-14 17:07:47.845190+00:00,Kédougou,KD,12.5559,-12.1747,39.31,46.0,39.0,1006.0,4.63,250,801,2026-05-14T17:07:47.979370+00:00,OK,peu nuageux
open-meteo,2026-05-14 17:07:53.748599+00:00,Kolda,KO,12.8989,-14.9413,37.3,38.0,32.0,1004.4,14.8,249,0,2026-05-14T17:07:58.264554+00:00,OK,
openweathermap,2026-05-14 17:07:58.101296+00:00,Kolda,KO,12.8989,-14.9413,41.05,43.78,27.0,1006.0,4.12,220,800,2026-05-14T17:07:58.338297+00:00,OK,ciel dégagé
open-meteo,2026-05-14 17:08:01.811365+00:00,Sédhiou,SD,12.708,-15.5569,35.8,36.4,36.0,1005.8,16.5,242,0,2026-05-14T17:08:06.313155+00:00,OK,
openweathermap,2026-05-14 17:08:06.172123+00:00,Sédhiou,SD,12.708,-15.5569,37.53,37.47,26.0,1007.0,5.66,252,802,2026-05-14T17:08:06.362642+00:00,OK,partiellement nuageux
open-meteo,2026-05-14 17:08:12.070655+00:00,Ziguinchor,ZG,12.5681,-16.2719,31.1,31.1,40.0,1007.5,14.0,263,0,2026-05-14T17:08:16.627526+00:00,OK,
openweathermap,2026-05-14 17:08:16.472607+00:00,Ziguinchor,ZG,12.5681,-16.2719,34.03,39.15,52.0,1009.0,4.12,300,802,2026-05-14T17:08:16.684409+00:00,OK,partiellement nuageux
open-meteo,2026-05-14 17:08:20.117064+00:00,Saint-Louis,SL,16.0179,-16.4896,24.4,22.7,54.0,1008.9,22.5,333,3,2026-05-14T17:08:24.642019+00:00,OK,
openweathermap,2026-05-14 17:08:24.554665+00:00,Saint-Louis,SL,16.0179,-16.4896,21.12,21.3,77.0,1009.0,6.51,305,801,2026-05-14T17:08:25.154458+00:00,OK,peu nuageux
open-meteo,2026-05-14 17:08:30.495110+00:00,Louga,LG,15.6179,-16.2241,29.5,28.5,41.0,1004.2,18.1,300,2,2026-05-14T17:08:34.970177+00:00,OK,
openweathermap,2026-05-14 17:08:34.844489+00:00,Louga,LG,15.6179,-16.2241,26.83,27.2,49.0,1009.0,7.7,291,804,2026-05-14T17:08:35.015774+00:00,OK,couvert
open-meteo,2026-05-14 17:08:38.554363+00:00,Matam,MT,15.6559,-13.2557,40.6,39.0,19.0,1002.8,15.6,286,0,2026-05-14T17:08:43.024127+00:00,OK,
openweathermap,2026-05-14 17:08:42.888597+00:00,Matam,MT,15.6559,-13.2557,41.03,44.7,29.0,1005.0,4.12,280,800,2026-05-14T17:08:43.070120+00:00,OK,ciel dégagé
open-meteo,2026-05-14 17:09:48.839941+00:00,Dakar,DK,14.6928,-17.4467,22.5,21.7,69.0,1009.5,21.3,355,2,2026-05-14T17:09:53.343812+00:00,OK,
openweathermap,2026-05-14 17:09:53.166652+00:00,Dakar,DK,14.6928,-17.4467,22.92,23.38,81.0,1011.0,4.02,51,802,2026-05-14T17:09:53.296785+00:00,OK,partiellement nuageux
open-meteo,2026-05-14 17:10:06.939651+00:00,Thiès,TH,14.7886,-16.9255,25.9,24.6,51.0,1001.4,19.7,337,3,2026-05-14T17:10:11.403695+00:00,OK,
openweathermap,2026-05-14 17:10:11.275868+00:00,Thiès,TH,14.7886,-16.9255,25.08,25.0,52.0,1010.0,6.15,328,804,2026-05-14T17:10:11.440490+00:00,OK,couvert
open-meteo,2026-05-14 17:10:18.103870+00:00,Diourbel,DB,14.6554,-16.2322,34.0,33.2,31.0,1007.0,15.2,306,1,2026-05-14T17:10:22.561303+00:00,OK,
openweathermap,2026-05-14 17:10:22.440459+00:00,Diourbel,DB,14.6554,-16.2322,35.09,36.79,38.0,1008.0,3.09,360,800,2026-05-14T17:10:22.663039+00:00,OK,ciel dégagé
open-meteo,2026-05-14 17:10:25.292643+00:00,Fatick,FK,14.339,-16.4114,34.5,34.8,32.0,1007.6,11.8,296,1,2026-05-14T17:10:29.828961+00:00,OK,
openweathermap,2026-05-14 17:10:29.700665+00:00,Fatick,FK,14.339,-16.4114,31.87,31.45,36.0,1009.0,6.15,241,802,2026-05-14T17:10:29.860748+00:00,OK,partiellement nuageux
open-meteo,2026-05-14 17:10:35.597349+00:00,Kaolack,KL,14.1652,-16.0726,35.9,35.5,29.0,1007.1,14.1,281,1,2026-05-14T17:10:40.045981+00:00,OK,
openweathermap,2026-05-14 17:10:39.925563+00:00,Kaolack,KL,14.1652,-16.0726,35.97,37.18,34.0,1008.0,4.12,320,800,2026-05-14T17:10:40.553307+00:00,OK,ciel dégagé
open-meteo,2026-05-14 17:10:43.647041+00:00,Kaffrine,KF,14.1059,-15.5503,36.2,36.0,31.0,1006.1,16.4,274,0,2026-05-14T17:10:48.742457+00:00,OK,
openweathermap,2026-05-14 17:10:47.996819+00:00,Kaffrine,KF,14.1059,-15.5503,36.06,34.94,24.0,1008.0,7.71,238,802,2026-05-14T17:10:48.779981+00:00,OK,partiellement nuageux
open-meteo,2026-05-14 17:10:53.891216+00:00,Tambacounda,TC,13.7707,-13.6673,39.2,38.9,26.0,1002.8,17.1,240,1,2026-05-14T17:10:58.409779+00:00,OK,
openweathermap,2026-05-14 17:10:58.227335+00:00,Tambacounda,TC,13.7707,-13.6673,41.12,45.9,31.0,1005.0,4.12,240,800,2026-05-14T17:10:58.353932+00:00,OK,ciel dégagé
open-meteo,2026-05-14 17:11:01.930981+00:00,Kédougou,KD,12.5559,-12.1747,36.1,37.5,40.0,994.2,18.7,257,51,2026-05-14T17:11:06.554868+00:00,OK,
openweathermap,2026-05-14 17:11:06.251840+00:00,Kédougou,KD,12.5559,-12.1747,39.31,46.0,39.0,1006.0,4.63,250,801,2026-05-14T17:11:06.598174+00:00,OK,peu nuageux
open-meteo,2026-05-14 17:11:12.162423+00:00,Kolda,KO,12.8989,-14.9413,37.3,38.0,32.0,1004.4,14.8,249,0,2026-05-14T17:11:16.763937+00:00,OK,
openweathermap,2026-05-14 17:11:16.638026+00:00,Kolda,KO,12.8989,-14.9413,41.05,43.78,27.0,1006.0,4.12,220,800,2026-05-14T17:11:17.333258+00:00,OK,ciel dégagé
open-meteo,2026-05-14 17:11:20.234221+00:00,Sédhiou,SD,12.708,-15.5569,35.8,36.4,36.0,1005.8,16.5,242,0,2026-05-14T17:11:24.724909+00:00,OK,
openweathermap,2026-05-14 17:11:24.582750+00:00,Sédhiou,SD,12.708,-15.5569,37.53,37.47,26.0,1007.0,5.66,252,802,2026-05-14T17:11:24.764021+00:00,OK,partiellement nuageux
open-meteo,2026-05-14 17:11:30.478955+00:00,Ziguinchor,ZG,12.5681,-16.2719,31.1,31.1,40.0,1007.5,14.0,263,0,2026-05-14T17:11:34.990965+00:00,OK,
openweathermap,2026-05-14 17:11:34.851416+00:00,Ziguinchor,ZG,12.5681,-16.2719,34.03,39.15,52.0,1009.0,4.12,300,802,2026-05-14T17:11:35.040662+00:00,OK,partiellement nuageux
open-meteo,2026-05-14 17:11:38.593029+00:00,Saint-Louis,SL,16.0179,-16.4896,24.4,22.7,54.0,1008.9,22.5,333,3,2026-05-14T17:11:43.149902+00:00,OK,
openweathermap,2026-05-14 17:11:42.951762+00:00,Saint-Louis,SL,16.0179,-16.4896,21.12,21.3,77.0,1009.0,6.51,305,801,2026-05-14T17:11:43.098381+00:00,OK,peu nuageux
open-meteo,2026-05-14 17:11:48.897015+00:00,Louga,LG,15.6179,-16.2241,29.5,28.5,41.0,1004.2,18.1,300,2,2026-05-14T17:11:53.372068+00:00,OK,
openweathermap,2026-05-14 17:11:53.254336+00:00,Louga,LG,15.6179,-16.2241,26.83,27.2,49.0,1009.0,7.7,291,804,2026-05-14T17:11:53.460921+00:00,OK,couvert
open-meteo,2026-05-14 17:11:56.968801+00:00,Matam,MT,15.6559,-13.2557,40.6,39.0,19.0,1002.8,15.6,286,0,2026-05-14T17:12:01.434917+00:00,OK,
openweathermap,2026-05-14 17:12:01.300344+00:00,Matam,MT,15.6559,-13.2557,41.03,44.7,29.0,1005.0,4.12,280,800,2026-05-14T17:12:01.519763+00:00,OK,ciel dégagé
open-meteo,2026-05-14 17:13:07.268623+00:00,Dakar,DK,14.6928,-17.4467,22.5,21.7,69.0,1009.5,21.3,355,2,2026-05-14T17:13:11.736399+00:00,OK,
openweathermap,2026-05-14 17:13:11.600305+00:00,Dakar,DK,14.6928,-17.4467,22.92,23.38,81.0,1011.0,4.02,51,802,2026-05-14T17:13:11.788141+00:00,OK,partiellement nuageux
open-meteo,2026-05-14 17:13:15.481702+00:00,Thiès,TH,14.7886,-16.9255,25.9,24.6,51.0,1001.4,19.7,337,3,2026-05-14T17:13:20.229098+00:00,OK,
openweathermap,2026-05-14 17:13:20.060452+00:00,Thiès,TH,14.7886,-16.9255,25.08,25.0,52.0,1010.0,6.15,328,804,2026-05-14T17:13:20.312802+00:00,OK,couvert
open-meteo,2026-05-14 17:13:25.972779+00:00,Diourbel,DB,14.6554,-16.2322,34.0,33.2,31.0,1007.0,15.2,306,1,2026-05-14T17:13:30.632750+00:00,OK,
openweathermap,2026-05-14 17:13:30.327401+00:00,Diourbel,DB,14.6554,-16.2322,35.09,36.79,38.0,1008.0,3.09,360,800,2026-05-14T17:13:30.545247+00:00,OK,ciel dégagé
open-meteo,2026-05-14 17:13:34.074090+00:00,Fatick,FK,14.339,-16.4114,34.5,34.8,32.0,1007.6,11.8,296,1,2026-05-14T17:13:39.799797+00:00,OK,
openweathermap,2026-05-14 17:13:38.947017+00:00,Fatick,FK,14.339,-16.4114,31.87,31.45,36.0,1009.0,6.15,241,802,2026-05-14T17:13:39.511063+00:00,OK,partiellement nuageux
open-meteo,2026-05-14 17:13:45.315652+00:00,Kaolack,KL,14.1652,-16.0726,35.9,35.5,29.0,1007.1,14.1,281,1,2026-05-14T17:13:49.840088+00:00,OK,
openweathermap,2026-05-14 17:13:49.746490+00:00,Kaolack,KL,14.1652,-16.0726,35.97,37.18,34.0,1008.0,4.12,320,800,2026-05-14T17:13:50.225148+00:00,OK,ciel dégagé
open-meteo,2026-05-14 17:13:53.333244+00:00,Kaffrine,KF,14.1059,-15.5503,36.2,36.0,31.0,1006.1,16.4,274,0,2026-05-14T17:13:58.386971+00:00,OK,
openweathermap,2026-05-14 17:13:58.255223+00:00,Kaffrine,KF,14.1059,-15.5503,36.06,34.94,24.0,1008.0,7.71,238,802,2026-05-14T17:13:58.465204+00:00,OK,partiellement nuageux
open-meteo,2026-05-14 17:14:04.176484+00:00,Tambacounda,TC,13.7707,-13.6673,39.2,38.9,26.0,1002.8,17.1,240,1,2026-05-14T17:14:08.596031+00:00,OK,
openweathermap,2026-05-14 17:14:08.516563+00:00,Tambacounda,TC,13.7707,-13.6673,41.12,45.9,31.0,1005.0,4.12,240,800,2026-05-14T17:14:08.631999+00:00,OK,ciel dégagé
open-meteo,2026-05-14 17:14:12.175941+00:00,Kédougou,KD,12.5559,-12.1747,36.1,37.5,40.0,994.2,18.7,257,51,2026-05-14T17:14:17.444334+00:00,OK,
openweathermap,2026-05-14 17:14:17.311621+00:00,Kédougou,KD,12.5559,-12.1747,39.31,46.0,39.0,1006.0,4.63,250,801,2026-05-14T17:14:17.519192+00:00,OK,peu nuageux
open-meteo,2026-05-14 17:14:23.645105+00:00,Kolda,KO,12.8989,-14.9413,37.3,38.0,32.0,1004.4,14.8,249,0,2026-05-14T17:14:28.163579+00:00,OK,
openweathermap,2026-05-14 17:14:28.034504+00:00,Kolda,KO,12.8989,-14.9413,41.05,43.78,27.0,1006.0,4.12,220,800,2026-05-14T17:14:28.209899+00:00,OK,ciel dégagé
open-meteo,2026-05-14 17:14:31.238941+00:00,Sédhiou,SD,12.708,-15.5569,35.8,36.4,36.0,1005.8,16.5,242,0,2026-05-14T17:14:35.699924+00:00,OK,
openweathermap,2026-05-14 17:14:35.585827+00:00,Sédhiou,SD,12.708,-15.5569,37.53,37.47,26.0,1007.0,5.66,252,802,2026-05-14T17:14:35.780094+00:00,OK,partiellement nuageux
open-meteo,2026-05-14 17:14:41.466932+00:00,Ziguinchor,ZG,12.5681,-16.2719,31.1,31.1,40.0,1007.5,14.0,263,0,2026-05-14T17:14:46.045269+00:00,OK,
openweathermap,2026-05-14 17:14:45.927077+00:00,Ziguinchor,ZG,12.5681,-16.2719,34.03,39.15,52.0,1009.0,4.12,300,802,2026-05-14T17:14:46.449455+00:00,OK,partiellement nuageux
open-meteo,2026-05-14 17:14:49.880077+00:00,Saint-Louis,SL,16.0179,-16.4896,24.4,22.7,54.0,1008.9,22.5,333,3,2026-05-14T17:14:54.484181+00:00,OK,
openweathermap,2026-05-14 17:14:54.340834+00:00,Saint-Louis,SL,16.0179,-16.4896,21.12,21.3,77.0,1009.0,6.51,305,801,2026-05-14T17:14:54.560667+00:00,OK,peu nuageux
open-meteo,2026-05-14 17:15:01.034832+00:00,Louga,LG,15.6179,-16.2241,29.0,28.0,42.0,1004.2,17.9,300,2,2026-05-14T17:15:05.553804+00:00,OK,
openweathermap,2026-05-14 17:15:05.376779+00:00,Louga,LG,15.6179,-16.2241,26.83,27.2,49.0,1009.0,7.7,291,804,2026-05-14T17:15:05.615588+00:00,OK,couvert
open-meteo,2026-05-14 17:15:08.320135+00:00,Matam,MT,15.6559,-13.2557,40.4,38.9,19.0,1002.8,15.2,289,0,2026-05-14T17:15:12.807001+00:00,OK,
openweathermap,2026-05-14 17:15:12.639470+00:00,Matam,MT,15.6559,-13.2557,41.03,44.7,29.0,1005.0,4.12,280,800,2026-05-14T17:15:12.845788+00:00,OK,ciel dégagé
open-meteo,2026-05-14 17:16:18.483501+00:00,Dakar,DK,14.6928,-17.4467,22.4,21.6,70.0,1009.5,21.3,354,1,2026-05-14T17:16:22.909137+00:00,OK,
openweathermap,2026-05-14 17:16:22.826574+00:00,Dakar,DK,14.6928,-17.4467,22.92,23.38,81.0,1011.0,4.02,51,802,2026-05-14T17:16:22.939627+00:00,OK,partiellement nuageux
open-meteo,2026-05-14 17:16:26.545178+00:00,Thiès,TH,14.7886,-16.9255,25.4,24.2,52.0,1001.4,19.6,337,3,2026-05-14T17:16:31.052206+00:00,OK,
openweathermap,2026-05-14 17:16:30.873395+00:00,Thiès,TH,14.7886,-16.9255,25.08,25.0,52.0,1010.0,6.15,328,804,2026-05-14T17:16:31.114627+00:00,OK,couvert
open-meteo,2026-05-14 17:16:36.764366+00:00,Diourbel,DB,14.6554,-16.2322,33.5,32.8,32.0,1007.0,15.3,307,1,2026-05-14T17:16:41.251205+00:00,OK,
openweathermap,2026-05-14 17:16:41.163318+00:00,Diourbel,DB,14.6554,-16.2322,34.09,35.58,40.0,1008.0,3.09,360,800,2026-05-14T17:16:41.287343+00:00,OK,ciel dégagé
open-meteo,2026-05-14 17:16:44.967897+00:00,Fatick,FK,14.339,-16.4114,34.2,34.3,33.0,1007.6,12.1,300,1,2026-05-14T17:16:49.540122+00:00,OK,
openweathermap,2026-05-14 17:16:49.418809+00:00,Fatick,FK,14.339,-16.4114,31.87,31.45,36.0,1009.0,6.15,241,802,2026-05-14T17:16:49.672230+00:00,OK,partiellement nuageux
open-meteo,2026-05-14 17:16:55.807096+00:00,Kaolack,KL,14.1652,-16.0726,35.7,35.4,30.0,1007.1,14.3,280,1,2026-05-14T17:17:00.289677+00:00,OK,
openweathermap,2026-05-14 17:17:00.204234+00:00,Kaolack,KL,14.1652,-16.0726,34.97,36.04,36.0,1008.0,5.14,280,800,2026-05-14T17:17:00.813571+00:00,OK,ciel dégagé
open-meteo,2026-05-14 17:17:03.395080+00:00,Kaffrine,KF,14.1059,-15.5503,36.1,35.8,31.0,1006.1,16.6,275,0,2026-05-14T17:17:07.946375+00:00,OK,
openweathermap,2026-05-14 17:17:07.735384+00:00,Kaffrine,KF,14.1059,-15.5503,36.06,34.94,24.0,1008.0,7.71,238,802,2026-05-14T17:17:07.999374+00:00,OK,partiellement nuageux
open-meteo,2026-05-14 17:17:13.619527+00:00,Tambacounda,TC,13.7707,-13.6673,39.1,38.7,26.0,1002.8,17.2,240,1,2026-05-14T17:17:18.125302+00:00,OK,
openweathermap,2026-05-14 17:17:18.024840+00:00,Tambacounda,TC,13.7707,-13.6673,41.12,43.91,27.0,1005.0,4.12,250,800,2026-05-14T17:17:18.183901+00:00,OK,ciel dégagé
open-meteo,2026-05-14 17:17:21.734007+00:00,Kédougou,KD,12.5559,-12.1747,35.9,37.4,41.0,994.3,18.2,256,2,2026-05-14T17:17:26.423570+00:00,OK,
openweathermap,2026-05-14 17:17:26.256279+00:00,Kédougou,KD,12.5559,-12.1747,39.31,46.31,42.0,1006.0,5.66,230,801,2026-05-14T17:17:26.384393+00:00,OK,peu nuageux
open-meteo,2026-05-14 17:17:32.169045+00:00,Kolda,KO,12.8989,-14.9413,37.2,37.8,32.0,1004.4,14.9,250,0,2026-05-14T17:17:36.933267+00:00,OK,
openweathermap,2026-05-14 17:17:36.537650+00:00,Kolda,KO,12.8989,-14.9413,40.05,42.79,29.0,1006.0,5.14,220,800,2026-05-14T17:17:36.654091+00:00,OK,ciel dégagé
open-meteo,2026-05-14 17:17:41.262853+00:00,Sédhiou,SD,12.708,-15.5569,35.4,36.0,37.0,1005.8,16.7,244,0,2026-05-14T17:17:45.741514+00:00,OK,
openweathermap,2026-05-14 17:17:45.613978+00:00,Sédhiou,SD,12.708,-15.5569,37.53,37.47,26.0,1007.0,5.66,252,802,2026-05-14T17:17:45.781541+00:00,OK,partiellement nuageux
open-meteo,2026-05-14 17:17:51.571697+00:00,Ziguinchor,ZG,12.5681,-16.2719,30.7,30.7,41.0,1007.5,13.9,264,0,2026-05-14T17:17:56.038567+00:00,OK,
openweathermap,2026-05-14 17:17:55.906290+00:00,Ziguinchor,ZG,12.5681,-16.2719,32.03,35.7,55.0,1009.0,4.12,320,801,2026-05-14T17:17:55.991582+00:00,OK,peu nuageux
open-meteo,2026-05-14 17:17:59.663555+00:00,Saint-Louis,SL,16.0179,-16.4896,24.1,22.4,55.0,1008.9,22.4,333,3,2026-05-14T17:18:04.143141+00:00,OK,
openweathermap,2026-05-14 17:18:04.051028+00:00,Saint-Louis,SL,16.0179,-16.4896,21.12,21.3,77.0,1009.0,6.51,305,801,2026-05-14T17:18:04.177174+00:00,OK,peu nuageux
open-meteo,2026-05-14 17:18:09.946437+00:00,Louga,LG,15.6179,-16.2241,29.0,28.0,42.0,1004.2,17.9,300,2,2026-05-14T17:18:14.591168+00:00,OK,
openweathermap,2026-05-14 17:18:14.433403+00:00,Louga,LG,15.6179,-16.2241,26.83,27.2,49.0,1009.0,7.7,291,804,2026-05-14T17:18:14.640532+00:00,OK,couvert
open-meteo,2026-05-14 17:18:20.372274+00:00,Matam,MT,15.6559,-13.2557,40.4,38.9,19.0,1002.8,15.2,289,0,2026-05-14T17:18:24.875079+00:00,OK,
openweathermap,2026-05-14 17:18:24.748522+00:00,Matam,MT,15.6559,-13.2557,41.41,40.04,16.0,1005.0,6.2,228,802,2026-05-14T17:18:24.915583+00:00,OK,partiellement nuageux
open-meteo,2026-05-14 17:19:30.662868+00:00,Dakar,DK,14.6928,-17.4467,22.4,21.6,70.0,1009.5,21.3,354,1,2026-05-14T17:19:35.793853+00:00,OK,
openweathermap,2026-05-14 17:19:35.659303+00:00,Dakar,DK,14.6928,-17.4467,22.92,23.38,81.0,1011.0,4.02,51,802,2026-05-14T17:19:35.877394+00:00,OK,partiellement nuageux
open-meteo,2026-05-14 17:19:38.750248+00:00,Thiès,TH,14.7886,-16.9255,25.4,24.2,52.0,1001.4,19.6,337,3,2026-05-14T17:19:43.328831+00:00,OK,
openweathermap,2026-05-14 17:19:43.075998+00:00,Thiès,TH,14.7886,-16.9255,25.08,25.0,52.0,1010.0,6.15,328,804,2026-05-14T17:19:43.243309+00:00,OK,couvert
open-meteo,2026-05-14 17:19:49.708847+00:00,Diourbel,DB,14.6554,-16.2322,33.5,32.8,32.0,1007.0,15.3,307,1,2026-05-14T17:19:54.972584+00:00,OK,
openweathermap,2026-05-14 17:19:54.845978+00:00,Diourbel,DB,14.6554,-16.2322,34.09,35.58,40.0,1008.0,3.09,360,800,2026-05-14T17:19:55.020866+00:00,OK,ciel dégagé
open-meteo,2026-05-14 17:20:06.923041+00:00,Fatick,FK,14.339,-16.4114,34.2,34.3,33.0,1007.6,12.1,300,1,2026-05-14T17:20:13.277597+00:00,OK,
openweathermap,2026-05-14 17:20:12.620651+00:00,Fatick,FK,14.339,-16.4114,31.87,31.45,36.0,1009.0,6.15,241,802,2026-05-14T17:20:12.720587+00:00,OK,partiellement nuageux
open-meteo,2026-05-14 17:20:18.888775+00:00,Kaolack,KL,14.1652,-16.0726,35.7,35.4,30.0,1007.1,14.3,280,1,2026-05-14T17:20:23.396291+00:00,OK,
openweathermap,2026-05-14 17:20:23.297567+00:00,Kaolack,KL,14.1652,-16.0726,34.97,36.04,36.0,1008.0,5.14,280,800,2026-05-14T17:20:23.836640+00:00,OK,ciel dégagé
open-meteo,2026-05-14 17:20:26.906775+00:00,Kaffrine,KF,14.1059,-15.5503,36.1,35.8,31.0,1006.1,16.6,275,0,2026-05-14T17:20:31.465870+00:00,OK,
openweathermap,2026-05-14 17:20:31.295426+00:00,Kaffrine,KF,14.1059,-15.5503,36.06,34.94,24.0,1008.0,7.71,238,802,2026-05-14T17:20:31.580739+00:00,OK,partiellement nuageux
openweathermap,2026-05-14 17:20:51.702137+00:00,Tambacounda,TC,13.7707,-13.6673,41.12,43.91,27.0,1005.0,4.12,250,800,2026-05-14T17:20:51.927373+00:00,OK,ciel dégagé
open-meteo,2026-05-14 17:20:57.987508+00:00,Kédougou,KD,12.5559,-12.1747,35.9,37.4,41.0,994.3,18.2,256,2,2026-05-14T17:21:02.463938+00:00,OK,
openweathermap,2026-05-14 17:21:02.370598+00:00,Kédougou,KD,12.5559,-12.1747,39.31,46.31,42.0,1006.0,5.66,230,801,2026-05-14T17:21:02.737507+00:00,OK,peu nuageux
open-meteo,2026-05-14 17:21:06.482625+00:00,Kolda,KO,12.8989,-14.9413,37.2,37.8,32.0,1004.4,14.9,250,0,2026-05-14T17:21:10.930295+00:00,OK,
openweathermap,2026-05-14 17:21:10.842496+00:00,Kolda,KO,12.8989,-14.9413,40.05,42.79,29.0,1006.0,5.14,220,800,2026-05-14T17:21:10.977313+00:00,OK,ciel dégagé
open-meteo,2026-05-14 17:21:17.142177+00:00,Sédhiou,SD,12.708,-15.5569,35.4,36.0,37.0,1005.8,16.7,244,0,2026-05-14T17:21:21.637622+00:00,OK,
openweathermap,2026-05-14 17:21:21.472088+00:00,Sédhiou,SD,12.708,-15.5569,37.53,37.47,26.0,1007.0,5.66,252,802,2026-05-14T17:21:21.712616+00:00,OK,partiellement nuageux
open-meteo,2026-05-14 17:21:25.105444+00:00,Ziguinchor,ZG,12.5681,-16.2719,30.7,30.7,41.0,1007.5,13.9,264,0,2026-05-14T17:21:29.575075+00:00,OK,
openweathermap,2026-05-14 17:21:29.438936+00:00,Ziguinchor,ZG,12.5681,-16.2719,32.03,35.7,55.0,1009.0,4.12,320,801,2026-05-14T17:21:29.623439+00:00,OK,peu nuageux
open-meteo,2026-05-14 17:21:35.485869+00:00,Saint-Louis,SL,16.0179,-16.4896,24.1,22.4,55.0,1008.9,22.4,333,3,2026-05-14T17:21:43.014593+00:00,OK,
openweathermap,2026-05-14 17:21:42.894478+00:00,Saint-Louis,SL,16.0179,-16.4896,21.12,21.3,77.0,1009.0,6.51,305,801,2026-05-14T17:21:43.087670+00:00,OK,peu nuageux
open-meteo,2026-05-14 17:21:48.935945+00:00,Louga,LG,15.6179,-16.2241,29.0,28.0,42.0,1004.2,17.9,300,2,2026-05-14T17:21:53.584900+00:00,OK,
openweathermap,2026-05-14 17:21:53.436393+00:00,Louga,LG,15.6179,-16.2241,26.83,27.2,49.0,1009.0,7.7,291,804,2026-05-14T17:21:53.633869+00:00,OK,couvert
open-meteo,2026-05-14 17:21:56.915717+00:00,Matam,MT,15.6559,-13.2557,40.4,38.9,19.0,1002.8,15.2,289,0,2026-05-14T17:22:09.993987+00:00,OK,
openweathermap,2026-05-14 17:22:09.896891+00:00,Matam,MT,15.6559,-13.2557,41.41,40.04,16.0,1005.0,6.2,228,802,2026-05-14T17:22:10.151084+00:00,OK,partiellement nuageux
open-meteo,2026-05-14 17:23:15.962039+00:00,Dakar,DK,14.6928,-17.4467,22.4,21.6,70.0,1009.5,21.3,354,1,2026-05-14T17:23:20.473004+00:00,OK,
openweathermap,2026-05-14 17:23:20.327617+00:00,Dakar,DK,14.6928,-17.4467,22.92,23.38,81.0,1011.0,7.2,320,801,2026-05-14T17:23:20.519902+00:00,OK,peu nuageux
open-meteo,2026-05-14 17:23:23.877584+00:00,Thiès,TH,14.7886,-16.9255,25.4,24.2,52.0,1001.4,19.6,337,3,2026-05-14T17:23:28.633271+00:00,OK,
openweathermap,2026-05-14 17:23:28.473815+00:00,Thiès,TH,14.7886,-16.9255,25.08,25.0,52.0,1010.0,6.15,328,804,2026-05-14T17:23:28.602283+00:00,OK,couvert
open-meteo,2026-05-14 17:23:34.394965+00:00,Diourbel,DB,14.6554,-16.2322,33.5,32.8,32.0,1007.0,15.3,307,1,2026-05-14T17:23:38.879532+00:00,OK,
openweathermap,2026-05-14 17:23:38.751049+00:00,Diourbel,DB,14.6554,-16.2322,34.09,35.58,40.0,1008.0,3.09,360,800,2026-05-14T17:23:38.921419+00:00,OK,ciel dégagé
open-meteo,2026-05-14 17:23:42.426163+00:00,Fatick,FK,14.339,-16.4114,34.2,34.3,33.0,1007.6,12.1,300,1,2026-05-14T17:23:46.824968+00:00,OK,
openweathermap,2026-05-14 17:23:46.745362+00:00,Fatick,FK,14.339,-16.4114,31.87,31.45,36.0,1009.0,6.15,241,802,2026-05-14T17:23:47.079154+00:00,OK,partiellement nuageux
open-meteo,2026-05-14 17:23:52.634992+00:00,Kaolack,KL,14.1652,-16.0726,35.7,35.4,30.0,1007.1,14.3,280,1,2026-05-14T17:23:57.468758+00:00,OK,
openweathermap,2026-05-14 17:23:57.306814+00:00,Kaolack,KL,14.1652,-16.0726,34.97,36.04,36.0,1008.0,5.14,280,800,2026-05-14T17:23:57.435169+00:00,OK,ciel dégagé
open-meteo,2026-05-14 17:24:00.787634+00:00,Kaffrine,KF,14.1059,-15.5503,36.1,35.8,31.0,1006.1,16.6,275,0,2026-05-14T17:24:05.295127+00:00,OK,
openweathermap,2026-05-14 17:24:05.156231+00:00,Kaffrine,KF,14.1059,-15.5503,36.06,34.94,24.0,1008.0,7.71,238,802,2026-05-14T17:24:05.625048+00:00,OK,partiellement nuageux
open-meteo,2026-05-14 17:24:11.149927+00:00,Tambacounda,TC,13.7707,-13.6673,39.1,38.7,26.0,1002.8,17.2,240,1,2026-05-14T17:24:15.612358+00:00,OK,
openweathermap,2026-05-14 17:24:15.486477+00:00,Tambacounda,TC,13.7707,-13.6673,41.12,43.91,27.0,1005.0,4.12,250,800,2026-05-14T17:24:15.655920+00:00,OK,ciel dégagé
open-meteo,2026-05-14 17:24:19.125594+00:00,Kédougou,KD,12.5559,-12.1747,35.9,37.4,41.0,994.3,18.2,256,2,2026-05-14T17:24:25.500239+00:00,OK,
openweathermap,2026-05-14 17:24:25.343806+00:00,Kédougou,KD,12.5559,-12.1747,39.31,46.31,42.0,1006.0,5.66,230,801,2026-05-14T17:24:25.567049+00:00,OK,peu nuageux
open-meteo,2026-05-14 17:24:31.273564+00:00,Kolda,KO,12.8989,-14.9413,37.2,37.8,32.0,1004.4,14.9,250,0,2026-05-14T17:24:36.058066+00:00,OK,
openweathermap,2026-05-14 17:24:35.917690+00:00,Kolda,KO,12.8989,-14.9413,40.05,42.79,29.0,1006.0,5.14,220,800,2026-05-14T17:24:36.139655+00:00,OK,ciel dégagé
open-meteo,2026-05-14 17:24:39.337038+00:00,Sédhiou,SD,12.708,-15.5569,35.4,36.0,37.0,1005.8,16.7,244,0,2026-05-14T17:24:44.031020+00:00,OK,
openweathermap,2026-05-14 17:24:43.924780+00:00,Sédhiou,SD,12.708,-15.5569,37.53,37.47,26.0,1007.0,5.66,252,802,2026-05-14T17:24:44.091381+00:00,OK,partiellement nuageux
open-meteo,2026-05-14 17:24:49.817063+00:00,Ziguinchor,ZG,12.5681,-16.2719,30.7,30.7,41.0,1007.5,13.9,264,0,2026-05-14T17:24:54.219644+00:00,OK,
openweathermap,2026-05-14 17:24:54.129234+00:00,Ziguinchor,ZG,12.5681,-16.2719,32.03,35.7,55.0,1009.0,4.12,320,801,2026-05-14T17:24:54.285479+00:00,OK,peu nuageux
open-meteo,2026-05-14 17:24:57.942820+00:00,Saint-Louis,SL,16.0179,-16.4896,24.1,22.4,55.0,1008.9,22.4,333,3,2026-05-14T17:25:02.430744+00:00,OK,
openweathermap,2026-05-14 17:25:02.312077+00:00,Saint-Louis,SL,16.0179,-16.4896,21.12,21.3,77.0,1009.0,6.51,305,801,2026-05-14T17:25:02.465908+00:00,OK,peu nuageux
open-meteo,2026-05-14 17:25:08.235216+00:00,Louga,LG,15.6179,-16.2241,29.0,28.0,42.0,1004.2,17.9,300,2,2026-05-14T17:25:12.715491+00:00,OK,
openweathermap,2026-05-14 17:25:12.594039+00:00,Louga,LG,15.6179,-16.2241,26.83,27.2,49.0,1009.0,7.7,291,804,2026-05-14T17:25:12.676555+00:00,OK,couvert
open-meteo,2026-05-14 17:25:16.295953+00:00,Matam,MT,15.6559,-13.2557,40.4,38.9,19.0,1002.8,15.2,289,0,2026-05-14T17:25:21.202294+00:00,OK,
openweathermap,2026-05-14 17:25:21.122433+00:00,Matam,MT,15.6559,-13.2557,41.41,40.04,16.0,1005.0,6.2,228,802,2026-05-14T17:25:21.235905+00:00,OK,partiellement nuageux
open-meteo,2026-05-14 17:26:27.472677+00:00,Dakar,DK,14.6928,-17.4467,22.4,21.6,70.0,1009.5,21.3,354,1,2026-05-14T17:26:33.848084+00:00,OK,
openweathermap,2026-05-14 17:26:33.730543+00:00,Dakar,DK,14.6928,-17.4467,22.92,23.38,81.0,1011.0,7.2,320,801,2026-05-14T17:26:33.903472+00:00,OK,peu nuageux
open-meteo,2026-05-14 17:26:39.723642+00:00,Thiès,TH,14.7886,-16.9255,25.4,24.2,52.0,1001.4,19.6,337,3,2026-05-14T17:26:44.246632+00:00,OK,
openweathermap,2026-05-14 17:26:44.122593+00:00,Thiès,TH,14.7886,-16.9255,25.08,25.0,52.0,1010.0,6.15,328,804,2026-05-14T17:26:44.673660+00:00,OK,couvert
open-meteo,2026-05-14 17:26:47.960565+00:00,Diourbel,DB,14.6554,-16.2322,33.5,32.8,32.0,1007.0,15.3,307,1,2026-05-14T17:26:52.520735+00:00,OK,
openweathermap,2026-05-14 17:26:52.405832+00:00,Diourbel,DB,14.6554,-16.2322,34.09,35.58,40.0,1008.0,3.09,360,800,2026-05-14T17:26:52.484565+00:00,OK,ciel dégagé
open-meteo,2026-05-14 17:26:58.331896+00:00,Fatick,FK,14.339,-16.4114,34.2,34.3,33.0,1007.6,12.1,300,1,2026-05-14T17:27:02.754327+00:00,OK,
openweathermap,2026-05-14 17:27:02.676696+00:00,Fatick,FK,14.339,-16.4114,31.87,31.45,36.0,1009.0,6.15,241,802,2026-05-14T17:27:02.786041+00:00,OK,partiellement nuageux
open-meteo,2026-05-14 17:27:06.373823+00:00,Kaolack,KL,14.1652,-16.0726,35.7,35.4,30.0,1007.1,14.3,280,1,2026-05-14T17:27:10.801506+00:00,OK,
openweathermap,2026-05-14 17:27:10.694611+00:00,Kaolack,KL,14.1652,-16.0726,34.97,36.04,36.0,1008.0,5.14,280,800,2026-05-14T17:27:11.011895+00:00,OK,ciel dégagé
open-meteo,2026-05-14 17:27:16.655008+00:00,Kaffrine,KF,14.1059,-15.5503,36.1,35.8,31.0,1006.1,16.6,275,0,2026-05-14T17:27:21.208593+00:00,OK,
openweathermap,2026-05-14 17:27:21.018267+00:00,Kaffrine,KF,14.1059,-15.5503,36.06,34.94,24.0,1008.0,7.71,238,802,2026-05-14T17:27:21.170721+00:00,OK,partiellement nuageux
open-meteo,2026-05-14 17:27:24.689958+00:00,Tambacounda,TC,13.7707,-13.6673,39.1,38.7,26.0,1002.8,17.2,240,1,2026-05-14T17:27:29.224288+00:00,OK,
openweathermap,2026-05-14 17:27:29.062330+00:00,Tambacounda,TC,13.7707,-13.6673,41.12,43.91,27.0,1005.0,4.12,250,800,2026-05-14T17:27:29.312160+00:00,OK,ciel dégagé
open-meteo,2026-05-14 17:27:35.019954+00:00,Kédougou,KD,12.5559,-12.1747,35.9,37.4,41.0,994.3,18.2,256,2,2026-05-14T17:27:39.537637+00:00,OK,
openweathermap,2026-05-14 17:27:39.392897+00:00,Kédougou,KD,12.5559,-12.1747,39.31,46.31,42.0,1006.0,5.66,230,801,2026-05-14T17:27:39.595988+00:00,OK,peu nuageux
open-meteo,2026-05-14 17:27:43.327256+00:00,Kolda,KO,12.8989,-14.9413,37.2,37.8,32.0,1004.4,14.9,250,0,2026-05-14T17:27:47.852887+00:00,OK,
openweathermap,2026-05-14 17:27:47.695591+00:00,Kolda,KO,12.8989,-14.9413,40.05,42.79,29.0,1006.0,5.14,220,800,2026-05-14T17:27:47.916624+00:00,OK,ciel dégagé
open-meteo,2026-05-14 17:27:53.676794+00:00,Sédhiou,SD,12.708,-15.5569,35.4,36.0,37.0,1005.8,16.7,244,0,2026-05-14T17:27:58.196025+00:00,OK,
openweathermap,2026-05-14 17:27:58.026789+00:00,Sédhiou,SD,12.708,-15.5569,37.53,37.47,26.0,1007.0,5.66,252,802,2026-05-14T17:27:58.282367+00:00,OK,partiellement nuageux
open-meteo,2026-05-14 17:28:01.967022+00:00,Ziguinchor,ZG,12.5681,-16.2719,30.7,30.7,41.0,1007.5,13.9,264,0,2026-05-14T17:28:06.435757+00:00,OK,
openweathermap,2026-05-14 17:28:06.290991+00:00,Ziguinchor,ZG,12.5681,-16.2719,32.03,35.7,55.0,1009.0,4.12,320,801,2026-05-14T17:28:06.494192+00:00,OK,peu nuageux
open-meteo,2026-05-14 17:28:12.214411+00:00,Saint-Louis,SL,16.0179,-16.4896,24.1,22.4,55.0,1008.9,22.4,333,3,2026-05-14T17:28:16.715880+00:00,OK,
openweathermap,2026-05-14 17:28:16.578160+00:00,Saint-Louis,SL,16.0179,-16.4896,21.12,21.3,77.0,1009.0,6.51,305,801,2026-05-14T17:28:16.764620+00:00,OK,peu nuageux
open-meteo,2026-05-14 17:28:20.249379+00:00,Louga,LG,15.6179,-16.2241,29.0,28.0,42.0,1004.2,17.9,300,2,2026-05-14T17:28:25.101441+00:00,OK,
openweathermap,2026-05-14 17:28:24.906420+00:00,Louga,LG,15.6179,-16.2241,26.83,27.2,49.0,1009.0,7.7,291,804,2026-05-14T17:28:25.008790+00:00,OK,couvert
open-meteo,2026-05-14 17:28:30.808371+00:00,Matam,MT,15.6559,-13.2557,40.4,38.9,19.0,1002.8,15.2,289,0,2026-05-14T17:28:35.269637+00:00,OK,
openweathermap,2026-05-14 17:28:35.142779+00:00,Matam,MT,15.6559,-13.2557,41.41,40.04,16.0,1005.0,6.2,228,802,2026-05-14T17:28:35.310408+00:00,OK,partiellement nuageux
open-meteo,2026-05-14 17:29:42.406023+00:00,Dakar,DK,14.6928,-17.4467,22.4,21.6,70.0,1009.5,21.3,354,1,2026-05-14T17:29:46.939921+00:00,OK,
openweathermap,2026-05-14 17:29:46.808612+00:00,Dakar,DK,14.6928,-17.4467,22.92,23.38,81.0,1011.0,7.2,320,801,2026-05-14T17:29:46.979148+00:00,OK,peu nuageux
open-meteo,2026-05-14 17:29:52.686185+00:00,Thiès,TH,14.7886,-16.9255,25.4,24.2,52.0,1001.4,19.6,337,3,2026-05-14T17:29:57.658059+00:00,OK,
openweathermap,2026-05-14 17:29:57.578821+00:00,Thiès,TH,14.7886,-16.9255,25.08,25.0,52.0,1010.0,6.15,328,804,2026-05-14T17:29:57.687255+00:00,OK,couvert
openweathermap,2026-05-14 17:30:15.047918+00:00,Diourbel,DB,14.6554,-16.2322,34.09,35.58,40.0,1008.0,3.09,360,800,2026-05-14T17:30:15.202769+00:00,OK,ciel dégagé
open-meteo,2026-05-14 17:30:23.260123+00:00,Fatick,FK,14.339,-16.4114,33.8,33.8,34.0,1007.8,12.5,305,1,2026-05-14T17:30:27.741093+00:00,OK,
openweathermap,2026-05-14 17:30:27.624579+00:00,Fatick,FK,14.339,-16.4114,31.87,31.45,36.0,1009.0,6.15,241,802,2026-05-14T17:30:28.010611+00:00,OK,partiellement nuageux
open-meteo,2026-05-14 17:30:33.902948+00:00,Kaolack,KL,14.1652,-16.0726,35.5,35.2,31.0,1007.1,14.6,279,1,2026-05-14T17:30:38.365022+00:00,OK,
openweathermap,2026-05-14 17:30:38.233649+00:00,Kaolack,KL,14.1652,-16.0726,34.97,36.04,36.0,1008.0,5.14,280,800,2026-05-14T17:30:38.403038+00:00,OK,ciel dégagé
open-meteo,2026-05-14 17:30:41.607936+00:00,Kaffrine,KF,14.1059,-15.5503,36.0,35.6,31.0,1006.1,16.8,276,1,2026-05-14T17:30:46.184819+00:00,OK,
openweathermap,2026-05-14 17:30:46.024624+00:00,Kaffrine,KF,14.1059,-15.5503,36.06,34.94,24.0,1008.0,7.71,238,802,2026-05-14T17:30:46.148594+00:00,OK,partiellement nuageux
open-meteo,2026-05-14 17:30:51.921337+00:00,Tambacounda,TC,13.7707,-13.6673,39.0,38.5,26.0,1002.8,17.5,241,0,2026-05-14T17:30:56.388397+00:00,OK,
openweathermap,2026-05-14 17:30:56.265545+00:00,Tambacounda,TC,13.7707,-13.6673,41.12,43.91,27.0,1005.0,4.12,250,800,2026-05-14T17:30:56.482535+00:00,OK,ciel dégagé
open-meteo,2026-05-14 17:31:00.057910+00:00,Kédougou,KD,12.5559,-12.1747,35.7,37.3,41.0,994.4,17.2,254,2,2026-05-14T17:31:04.611891+00:00,OK,
openweathermap,2026-05-14 17:31:04.478125+00:00,Kédougou,KD,12.5559,-12.1747,39.31,46.31,42.0,1006.0,5.66,230,801,2026-05-14T17:31:04.664542+00:00,OK,peu nuageux
open-meteo,2026-05-14 17:31:10.382690+00:00,Kolda,KO,12.8989,-14.9413,37.0,37.6,33.0,1004.4,15.2,251,0,2026-05-14T17:31:14.839829+00:00,OK,
openweathermap,2026-05-14 17:31:14.716234+00:00,Kolda,KO,12.8989,-14.9413,40.05,42.79,29.0,1006.0,5.14,220,800,2026-05-14T17:31:14.870766+00:00,OK,ciel dégagé
open-meteo,2026-05-14 17:31:18.391181+00:00,Sédhiou,SD,12.708,-15.5569,35.0,35.7,37.0,1005.9,16.8,246,0,2026-05-14T17:31:22.880985+00:00,OK,
openweathermap,2026-05-14 17:31:22.734283+00:00,Sédhiou,SD,12.708,-15.5569,37.53,37.47,26.0,1007.0,5.66,252,802,2026-05-14T17:31:22.916303+00:00,OK,partiellement nuageux
open-meteo,2026-05-14 17:31:29.561840+00:00,Ziguinchor,ZG,12.5681,-16.2719,30.2,30.2,42.0,1007.6,13.9,266,0,2026-05-14T17:31:35.688938+00:00,OK,
openweathermap,2026-05-14 17:31:35.556606+00:00,Ziguinchor,ZG,12.5681,-16.2719,32.03,35.7,55.0,1009.0,4.12,320,801,2026-05-14T17:31:35.731598+00:00,OK,peu nuageux
open-meteo,2026-05-14 17:31:41.444214+00:00,Saint-Louis,SL,16.0179,-16.4896,23.8,22.1,56.0,1008.9,22.1,333,3,2026-05-14T17:31:45.950325+00:00,OK,
openweathermap,2026-05-14 17:31:45.799630+00:00,Saint-Louis,SL,16.0179,-16.4896,21.12,21.3,77.0,1009.0,6.51,305,801,2026-05-14T17:31:45.922499+00:00,OK,peu nuageux
open-meteo,2026-05-14 17:31:49.505862+00:00,Louga,LG,15.6179,-16.2241,28.5,27.5,43.0,1004.3,17.8,300,2,2026-05-14T17:31:53.989353+00:00,OK,
openweathermap,2026-05-14 17:31:53.836230+00:00,Louga,LG,15.6179,-16.2241,26.83,27.2,49.0,1009.0,7.7,291,804,2026-05-14T17:31:54.033848+00:00,OK,couvert
open-meteo,2026-05-14 17:32:00.161378+00:00,Matam,MT,15.6559,-13.2557,40.2,38.8,19.0,1002.8,14.7,292,0,2026-05-14T17:32:04.634435+00:00,OK,
openweathermap,2026-05-14 17:32:04.497396+00:00,Matam,MT,15.6559,-13.2557,41.41,40.04,16.0,1005.0,6.2,228,802,2026-05-14T17:32:04.688852+00:00,OK,partiellement nuageux
open-meteo,2026-05-14 17:33:10.936498+00:00,Dakar,DK,14.6928,-17.4467,22.2,21.5,71.0,1009.5,21.2,354,1,2026-05-14T17:33:16.136399+00:00,OK,
openweathermap,2026-05-14 17:33:16.000468+00:00,Dakar,DK,14.6928,-17.4467,22.92,23.38,81.0,1011.0,7.2,320,801,2026-05-14T17:33:16.175068+00:00,OK,peu nuageux
open-meteo,2026-05-14 17:33:19.694600+00:00,Thiès,TH,14.7886,-16.9255,24.9,23.7,54.0,1001.4,19.3,336,3,2026-05-14T17:33:21.004394+00:00,OK,
openweathermap,2026-05-14 17:33:20.868742+00:00,Thiès,TH,14.7886,-16.9255,25.08,25.0,52.0,1010.0,6.15,328,804,2026-05-14T17:33:21.070850+00:00,OK,couvert
open-meteo,2026-05-14 17:33:27.177424+00:00,Diourbel,DB,14.6554,-16.2322,33.0,32.3,33.0,1007.1,15.3,308,1,2026-05-14T17:33:31.733834+00:00,OK,
openweathermap,2026-05-14 17:33:31.528260+00:00,Diourbel,DB,14.6554,-16.2322,34.09,35.58,40.0,1008.0,3.09,360,800,2026-05-14T17:33:31.653962+00:00,OK,ciel dégagé
open-meteo,2026-05-14 17:33:35.039647+00:00,Fatick,FK,14.339,-16.4114,33.8,33.8,34.0,1007.8,12.5,305,1,2026-05-14T17:33:39.575296+00:00,OK,
openweathermap,2026-05-14 17:33:39.413613+00:00,Fatick,FK,14.339,-16.4114,31.87,31.45,36.0,1009.0,6.15,241,802,2026-05-14T17:33:39.604292+00:00,OK,partiellement nuageux
open-meteo,2026-05-14 17:33:45.389102+00:00,Kaolack,KL,14.1652,-16.0726,35.5,35.2,31.0,1007.1,14.6,279,1,2026-05-14T17:33:49.907488+00:00,OK,
openweathermap,2026-05-14 17:33:49.719081+00:00,Kaolack,KL,14.1652,-16.0726,34.97,36.04,36.0,1008.0,5.14,280,800,2026-05-14T17:33:49.858540+00:00,OK,ciel dégagé
open-meteo,2026-05-14 17:33:53.365367+00:00,Kaffrine,KF,14.1059,-15.5503,36.0,35.6,31.0,1006.1,16.8,276,1,2026-05-14T17:33:57.980812+00:00,OK,
openweathermap,2026-05-14 17:33:57.769627+00:00,Kaffrine,KF,14.1059,-15.5503,36.06,34.94,24.0,1008.0,7.71,238,802,2026-05-14T17:33:57.928089+00:00,OK,partiellement nuageux
open-meteo,2026-05-14 17:34:03.789300+00:00,Tambacounda,TC,13.7707,-13.6673,39.0,38.5,26.0,1002.8,17.5,241,0,2026-05-14T17:34:08.982397+00:00,OK,
openweathermap,2026-05-14 17:34:08.548732+00:00,Tambacounda,TC,13.7707,-13.6673,41.12,43.91,27.0,1005.0,4.12,250,800,2026-05-14T17:34:08.630624+00:00,OK,ciel dégagé
open-meteo,2026-05-14 17:34:11.688896+00:00,Kédougou,KD,12.5559,-12.1747,35.7,37.3,41.0,994.4,17.2,254,2,2026-05-14T17:34:16.083676+00:00,OK,
openweathermap,2026-05-14 17:34:16.008911+00:00,Kédougou,KD,12.5559,-12.1747,39.31,46.31,42.0,1006.0,5.66,230,801,2026-05-14T17:34:16.116368+00:00,OK,peu nuageux
open-meteo,2026-05-14 17:34:22.533643+00:00,Kolda,KO,12.8989,-14.9413,37.0,37.6,33.0,1004.4,15.2,251,0,2026-05-14T17:34:27.233763+00:00,OK,
openweathermap,2026-05-14 17:34:26.869553+00:00,Kolda,KO,12.8989,-14.9413,40.05,42.79,29.0,1006.0,5.14,220,800,2026-05-14T17:34:27.268663+00:00,OK,ciel dégagé
open-meteo,2026-05-14 17:34:29.967630+00:00,Sédhiou,SD,12.708,-15.5569,35.0,35.7,37.0,1005.9,16.8,246,0,2026-05-14T17:34:34.459623+00:00,OK,
openweathermap,2026-05-14 17:34:34.338640+00:00,Sédhiou,SD,12.708,-15.5569,37.53,37.47,26.0,1007.0,5.66,252,802,2026-05-14T17:34:34.528636+00:00,OK,partiellement nuageux
open-meteo,2026-05-14 17:34:40.244479+00:00,Ziguinchor,ZG,12.5681,-16.2719,30.2,30.2,42.0,1007.6,13.9,266,0,2026-05-14T17:34:45.101537+00:00,OK,
openweathermap,2026-05-14 17:34:44.918264+00:00,Ziguinchor,ZG,12.5681,-16.2719,32.03,35.7,55.0,1009.0,4.12,320,801,2026-05-14T17:34:45.173196+00:00,OK,peu nuageux
open-meteo,2026-05-14 17:34:48.290420+00:00,Saint-Louis,SL,16.0179,-16.4896,23.8,22.1,56.0,1008.9,22.1,333,3,2026-05-14T17:34:52.788536+00:00,OK,
openweathermap,2026-05-14 17:34:52.612937+00:00,Saint-Louis,SL,16.0179,-16.4896,21.12,21.3,77.0,1009.0,6.51,305,801,2026-05-14T17:34:52.718941+00:00,OK,peu nuageux
open-meteo,2026-05-14 17:34:58.751855+00:00,Louga,LG,15.6179,-16.2241,28.5,27.5,43.0,1004.3,17.8,300,2,2026-05-14T17:35:03.246655+00:00,OK,
openweathermap,2026-05-14 17:35:03.101513+00:00,Louga,LG,15.6179,-16.2241,26.83,27.2,49.0,1009.0,7.7,291,804,2026-05-14T17:35:03.301188+00:00,OK,couvert
open-meteo,2026-05-14 17:35:07.000989+00:00,Matam,MT,15.6559,-13.2557,40.2,38.8,19.0,1002.8,14.7,292,0,2026-05-14T17:35:11.462106+00:00,OK,
openweathermap,2026-05-14 17:35:11.330988+00:00,Matam,MT,15.6559,-13.2557,41.41,40.04,16.0,1005.0,6.2,228,802,2026-05-14T17:35:11.520006+00:00,OK,partiellement nuageux
open-meteo,2026-05-14 17:36:18.293514+00:00,Dakar,DK,14.6928,-17.4467,22.2,21.5,71.0,1009.5,21.2,354,1,2026-05-14T17:36:23.246479+00:00,OK,
openweathermap,2026-05-14 17:36:23.121501+00:00,Dakar,DK,14.6928,-17.4467,22.92,23.38,81.0,1011.0,7.2,320,801,2026-05-14T17:36:23.282734+00:00,OK,peu nuageux
open-meteo,2026-05-14 17:36:26.991535+00:00,Thiès,TH,14.7886,-16.9255,24.9,23.7,54.0,1001.4,19.3,336,3,2026-05-14T17:36:31.864031+00:00,OK,
openweathermap,2026-05-14 17:36:31.727459+00:00,Thiès,TH,14.7886,-16.9255,25.08,25.0,52.0,1010.0,6.15,328,804,2026-05-14T17:36:31.896203+00:00,OK,couvert
open-meteo,2026-05-14 17:36:38.055027+00:00,Diourbel,DB,14.6554,-16.2322,33.0,32.3,33.0,1007.1,15.3,308,1,2026-05-14T17:36:43.037468+00:00,OK,
openweathermap,2026-05-14 17:36:42.941234+00:00,Diourbel,DB,14.6554,-16.2322,34.09,35.58,40.0,1008.0,3.09,360,800,2026-05-14T17:36:43.070984+00:00,OK,ciel dégagé
open-meteo,2026-05-14 17:36:46.334202+00:00,Fatick,FK,14.339,-16.4114,33.8,33.8,34.0,1007.8,12.5,305,1,2026-05-14T17:36:50.912720+00:00,OK,
openweathermap,2026-05-14 17:36:50.789749+00:00,Fatick,FK,14.339,-16.4114,31.87,31.45,36.0,1009.0,6.15,241,802,2026-05-14T17:36:50.945884+00:00,OK,partiellement nuageux
open-meteo,2026-05-14 17:36:57.012193+00:00,Kaolack,KL,14.1652,-16.0726,35.5,35.2,31.0,1007.1,14.6,279,1,2026-05-14T17:37:02.140024+00:00,OK,
openweathermap,2026-05-14 17:37:02.011183+00:00,Kaolack,KL,14.1652,-16.0726,34.97,36.04,36.0,1008.0,5.14,280,800,2026-05-14T17:37:02.179502+00:00,OK,ciel dégagé
open-meteo,2026-05-14 17:37:05.352720+00:00,Kaffrine,KF,14.1059,-15.5503,36.0,35.6,31.0,1006.1,16.8,276,1,2026-05-14T17:37:10.036739+00:00,OK,
openweathermap,2026-05-14 17:37:09.960587+00:00,Kaffrine,KF,14.1059,-15.5503,36.06,34.94,24.0,1008.0,7.71,238,802,2026-05-14T17:37:10.538436+00:00,OK,partiellement nuageux
open-meteo,2026-05-14 17:37:15.958157+00:00,Tambacounda,TC,13.7707,-13.6673,39.0,38.5,26.0,1002.8,17.5,241,0,2026-05-14T17:37:21.705054+00:00,OK,
openweathermap,2026-05-14 17:37:21.629155+00:00,Tambacounda,TC,13.7707,-13.6673,41.12,43.91,27.0,1005.0,4.12,250,800,2026-05-14T17:37:22.215852+00:00,OK,ciel dégagé
open-meteo,2026-05-14 17:37:24.524125+00:00,Kédougou,KD,12.5559,-12.1747,35.7,37.3,41.0,994.4,17.2,254,2,2026-05-14T17:37:30.131522+00:00,OK,
openweathermap,2026-05-14 17:37:30.000152+00:00,Kédougou,KD,12.5559,-12.1747,39.31,46.31,42.0,1006.0,5.66,230,801,2026-05-14T17:37:30.178173+00:00,OK,peu nuageux
open-meteo,2026-05-14 17:37:35.939195+00:00,Kolda,KO,12.8989,-14.9413,37.0,37.6,33.0,1004.4,15.2,251,0,2026-05-14T17:37:40.589256+00:00,OK,
openweathermap,2026-05-14 17:37:40.508333+00:00,Kolda,KO,12.8989,-14.9413,40.05,42.79,29.0,1006.0,5.14,220,800,2026-05-14T17:37:40.619709+00:00,OK,ciel dégagé
open-meteo,2026-05-14 17:37:45.050176+00:00,Sédhiou,SD,12.708,-15.5569,35.0,35.7,37.0,1005.9,16.8,246,0,2026-05-14T17:37:49.732989+00:00,OK,
openweathermap,2026-05-14 17:37:49.419524+00:00,Sédhiou,SD,12.708,-15.5569,37.53,37.47,26.0,1007.0,5.66,252,802,2026-05-14T17:37:49.787890+00:00,OK,partiellement nuageux
open-meteo,2026-05-14 17:37:56.917383+00:00,Ziguinchor,ZG,12.5681,-16.2719,30.2,30.2,42.0,1007.6,13.9,266,0,2026-05-14T17:38:01.626759+00:00,OK,
openweathermap,2026-05-14 17:38:01.416304+00:00,Ziguinchor,ZG,12.5681,-16.2719,32.03,35.7,55.0,1009.0,4.12,320,801,2026-05-14T17:38:01.575800+00:00,OK,peu nuageux
open-meteo,2026-05-14 17:38:03.514396+00:00,Saint-Louis,SL,16.0179,-16.4896,23.8,22.1,56.0,1008.9,22.1,333,3,2026-05-14T17:38:09.471413+00:00,OK,
openweathermap,2026-05-14 17:38:09.306538+00:00,Saint-Louis,SL,16.0179,-16.4896,21.12,21.3,77.0,1009.0,6.51,305,801,2026-05-14T17:38:09.509995+00:00,OK,peu nuageux
open-meteo,2026-05-14 17:38:15.787329+00:00,Louga,LG,15.6179,-16.2241,28.5,27.5,43.0,1004.3,17.8,300,2,2026-05-14T17:38:20.977770+00:00,OK,
openweathermap,2026-05-14 17:38:20.851824+00:00,Louga,LG,15.6179,-16.2241,26.83,27.2,49.0,1009.0,7.7,291,804,2026-05-14T17:38:21.016898+00:00,OK,couvert
open-meteo,2026-05-14 17:38:30.404746+00:00,Matam,MT,15.6559,-13.2557,40.2,38.8,19.0,1002.8,14.7,292,0,2026-05-14T17:38:35.042723+00:00,OK,
openweathermap,2026-05-14 17:38:34.883622+00:00,Matam,MT,15.6559,-13.2557,41.41,40.04,16.0,1005.0,6.2,228,802,2026-05-14T17:38:35.079488+00:00,OK,partiellement nuageux
open-meteo,2026-05-14 17:39:40.982878+00:00,Dakar,DK,14.6928,-17.4467,22.2,21.5,71.0,1009.5,21.2,354,1,2026-05-14T17:39:45.867066+00:00,OK,
openweathermap,2026-05-14 17:39:45.689869+00:00,Dakar,DK,14.6928,-17.4467,22.92,23.38,81.0,1011.0,7.2,320,801,2026-05-14T17:39:45.909811+00:00,OK,peu nuageux
open-meteo,2026-05-14 17:39:49.661670+00:00,Thiès,TH,14.7886,-16.9255,24.9,23.7,54.0,1001.4,19.3,336,3,2026-05-14T17:39:54.557856+00:00,OK,
openweathermap,2026-05-14 17:39:54.403624+00:00,Thiès,TH,14.7886,-16.9255,25.08,25.16,58.0,1010.0,5.96,326,803,2026-05-14T17:39:54.630695+00:00,OK,nuageux
open-meteo,2026-05-14 17:40:07.442647+00:00,Diourbel,DB,14.6554,-16.2322,33.0,32.3,33.0,1007.1,15.3,308,1,2026-05-14T17:40:13.585816+00:00,OK,
openweathermap,2026-05-14 17:40:13.462310+00:00,Diourbel,DB,14.6554,-16.2322,34.09,35.58,40.0,1008.0,3.09,360,800,2026-05-14T17:40:13.624160+00:00,OK,ciel dégagé
open-meteo,2026-05-14 17:40:20.041582+00:00,Fatick,FK,14.339,-16.4114,33.8,33.8,34.0,1007.8,12.5,305,1,2026-05-14T17:40:24.511689+00:00,OK,
openweathermap,2026-05-14 17:40:24.397320+00:00,Fatick,FK,14.339,-16.4114,29.81,29.7,42.0,1009.0,5.74,245,802,2026-05-14T17:40:24.590969+00:00,OK,partiellement nuageux
open-meteo,2026-05-14 17:40:27.742700+00:00,Kaolack,KL,14.1652,-16.0726,35.5,35.2,31.0,1007.1,14.6,279,1,2026-05-14T17:40:33.310312+00:00,OK,
openweathermap,2026-05-14 17:40:33.105947+00:00,Kaolack,KL,14.1652,-16.0726,34.97,36.04,36.0,1009.0,5.14,280,800,2026-05-14T17:40:33.257934+00:00,OK,ciel dégagé
open-meteo,2026-05-14 17:40:41.778728+00:00,Kaffrine,KF,14.1059,-15.5503,36.0,35.6,31.0,1006.1,16.8,276,1,2026-05-14T17:40:49.471969+00:00,OK,
openweathermap,2026-05-14 17:40:49.331364+00:00,Kaffrine,KF,14.1059,-15.5503,33.93,32.72,27.0,1008.0,7.9,235,802,2026-05-14T17:40:49.501455+00:00,OK,partiellement nuageux
openweathermap,2026-05-14 17:41:09.840357+00:00,Tambacounda,TC,13.7707,-13.6673,41.12,43.91,27.0,1005.0,4.12,250,800,2026-05-14T17:41:09.974081+00:00,OK,ciel dégagé
open-meteo,2026-05-14 17:41:15.828151+00:00,Kédougou,KD,12.5559,-12.1747,35.7,37.3,41.0,994.4,17.2,254,2,2026-05-14T17:41:20.358449+00:00,OK,
openweathermap,2026-05-14 17:41:20.168944+00:00,Kédougou,KD,12.5559,-12.1747,39.31,46.31,42.0,1007.0,5.66,230,801,2026-05-14T17:41:20.318729+00:00,OK,peu nuageux
open-meteo,2026-05-14 17:41:23.817855+00:00,Kolda,KO,12.8989,-14.9413,37.0,37.6,33.0,1004.4,15.2,251,0,2026-05-14T17:41:28.296050+00:00,OK,
openweathermap,2026-05-14 17:41:28.139861+00:00,Kolda,KO,12.8989,-14.9413,40.05,42.79,29.0,1007.0,5.14,220,800,2026-05-14T17:41:28.335854+00:00,OK,ciel dégagé
open-meteo,2026-05-14 17:41:34.549673+00:00,Sédhiou,SD,12.708,-15.5569,35.0,35.7,37.0,1005.9,16.8,246,0,2026-05-14T17:41:39.554883+00:00,OK,
openweathermap,2026-05-14 17:41:39.092375+00:00,Sédhiou,SD,12.708,-15.5569,35.71,35.49,29.0,1008.0,5.85,254,802,2026-05-14T17:41:39.637075+00:00,OK,partiellement nuageux
open-meteo,2026-05-14 17:41:43.885193+00:00,Ziguinchor,ZG,12.5681,-16.2719,30.2,30.2,42.0,1007.6,13.9,266,0,2026-05-14T17:41:48.441495+00:00,OK,
openweathermap,2026-05-14 17:41:48.276808+00:00,Ziguinchor,ZG,12.5681,-16.2719,32.03,35.7,55.0,1010.0,4.12,320,801,2026-05-14T17:41:48.535011+00:00,OK,peu nuageux
open-meteo,2026-05-14 17:41:58.540825+00:00,Saint-Louis,SL,16.0179,-16.4896,23.8,22.1,56.0,1008.9,22.1,333,3,2026-05-14T17:42:03.152466+00:00,OK,
openweathermap,2026-05-14 17:42:02.982371+00:00,Saint-Louis,SL,16.0179,-16.4896,20.39,20.6,81.0,1009.0,6.16,305,801,2026-05-14T17:42:03.117661+00:00,OK,peu nuageux
open-meteo,2026-05-14 17:42:09.486481+00:00,Louga,LG,15.6179,-16.2241,28.5,27.5,43.0,1004.3,17.8,300,2,2026-05-14T17:42:14.243339+00:00,OK,
openweathermap,2026-05-14 17:42:14.093113+00:00,Louga,LG,15.6179,-16.2241,23.8,23.78,59.0,1009.0,7.12,292,804,2026-05-14T17:42:14.199736+00:00,OK,couvert
open-meteo,2026-05-14 17:42:18.649478+00:00,Matam,MT,15.6559,-13.2557,40.2,38.8,19.0,1002.8,14.7,292,0,2026-05-14T17:42:24.366123+00:00,OK,
openweathermap,2026-05-14 17:42:24.284349+00:00,Matam,MT,15.6559,-13.2557,41.03,44.7,29.0,1005.0,4.12,280,800,2026-05-14T17:42:24.921159+00:00,OK,ciel dégagé
open-meteo,2026-05-14 17:43:30.588284+00:00,Dakar,DK,14.6928,-17.4467,22.2,21.5,71.0,1009.5,21.2,354,1,2026-05-14T17:43:35.145133+00:00,OK,
openweathermap,2026-05-14 17:43:34.962167+00:00,Dakar,DK,14.6928,-17.4467,22.92,23.38,81.0,1011.0,7.2,320,801,2026-05-14T17:43:35.104229+00:00,OK,peu nuageux
open-meteo,2026-05-14 17:43:38.907537+00:00,Thiès,TH,14.7886,-16.9255,24.9,23.7,54.0,1001.4,19.3,336,3,2026-05-14T17:43:43.797791+00:00,OK,
openweathermap,2026-05-14 17:43:43.631422+00:00,Thiès,TH,14.7886,-16.9255,25.08,25.16,58.0,1010.0,5.96,326,803,2026-05-14T17:43:43.737614+00:00,OK,nuageux
open-meteo,2026-05-14 17:43:49.698411+00:00,Diourbel,DB,14.6554,-16.2322,33.0,32.3,33.0,1007.1,15.3,308,1,2026-05-14T17:43:55.064808+00:00,OK,
openweathermap,2026-05-14 17:43:54.886613+00:00,Diourbel,DB,14.6554,-16.2322,34.09,35.58,40.0,1008.0,3.09,360,800,2026-05-14T17:43:55.116059+00:00,OK,ciel dégagé
open-meteo,2026-05-14 17:43:57.922477+00:00,Fatick,FK,14.339,-16.4114,33.8,33.8,34.0,1007.8,12.5,305,1,2026-05-14T17:44:02.789593+00:00,OK,
openweathermap,2026-05-14 17:44:02.672869+00:00,Fatick,FK,14.339,-16.4114,29.81,29.7,42.0,1009.0,5.74,245,802,2026-05-14T17:44:02.857860+00:00,OK,partiellement nuageux
open-meteo,2026-05-14 17:44:09.760489+00:00,Kaolack,KL,14.1652,-16.0726,35.5,35.2,31.0,1007.1,14.6,279,1,2026-05-14T17:44:14.427722+00:00,OK,
openweathermap,2026-05-14 17:44:14.233068+00:00,Kaolack,KL,14.1652,-16.0726,34.97,36.04,36.0,1009.0,5.14,280,800,2026-05-14T17:44:14.357033+00:00,OK,ciel dégagé
open-meteo,2026-05-14 17:44:16.745440+00:00,Kaffrine,KF,14.1059,-15.5503,36.0,35.6,31.0,1006.1,16.8,276,1,2026-05-14T17:44:21.474994+00:00,OK,
openweathermap,2026-05-14 17:44:21.297851+00:00,Kaffrine,KF,14.1059,-15.5503,33.93,32.72,27.0,1008.0,7.9,235,802,2026-05-14T17:44:21.513145+00:00,OK,partiellement nuageux
open-meteo,2026-05-14 17:44:27.233005+00:00,Tambacounda,TC,13.7707,-13.6673,39.0,38.5,26.0,1002.8,17.5,241,0,2026-05-14T17:44:31.884403+00:00,OK,
openweathermap,2026-05-14 17:44:31.637625+00:00,Tambacounda,TC,13.7707,-13.6673,41.12,43.91,27.0,1005.0,4.12,250,800,2026-05-14T17:44:31.837812+00:00,OK,ciel dégagé
open-meteo,2026-05-14 17:44:35.773752+00:00,Kédougou,KD,12.5559,-12.1747,35.7,37.3,41.0,994.4,17.2,254,2,2026-05-14T17:44:40.210304+00:00,OK,
openweathermap,2026-05-14 17:44:40.120994+00:00,Kédougou,KD,12.5559,-12.1747,39.31,46.31,42.0,1007.0,5.66,230,801,2026-05-14T17:44:40.251804+00:00,OK,peu nuageux
open-meteo,2026-05-14 17:44:47.055579+00:00,Kolda,KO,12.8989,-14.9413,37.0,37.6,33.0,1004.4,15.2,251,0,2026-05-14T17:44:52.684172+00:00,OK,
openweathermap,2026-05-14 17:44:52.465855+00:00,Kolda,KO,12.8989,-14.9413,40.05,42.79,29.0,1007.0,5.14,220,800,2026-05-14T17:44:52.721140+00:00,OK,ciel dégagé
open-meteo,2026-05-14 17:44:59.869990+00:00,Sédhiou,SD,12.708,-15.5569,34.7,35.3,38.0,1006.0,16.6,248,0,2026-05-14T17:45:04.661516+00:00,OK,
openweathermap,2026-05-14 17:45:04.472012+00:00,Sédhiou,SD,12.708,-15.5569,35.71,35.49,29.0,1008.0,5.85,254,802,2026-05-14T17:45:04.750337+00:00,OK,partiellement nuageux
open-meteo,2026-05-14 17:45:08.149979+00:00,Ziguinchor,ZG,12.5681,-16.2719,29.8,29.8,43.0,1007.6,13.9,268,1,2026-05-14T17:45:12.974519+00:00,OK,
openweathermap,2026-05-14 17:45:12.838521+00:00,Ziguinchor,ZG,12.5681,-16.2719,32.03,35.7,55.0,1010.0,4.12,320,801,2026-05-14T17:45:13.021807+00:00,OK,peu nuageux
open-meteo,2026-05-14 17:45:19.582716+00:00,Saint-Louis,SL,16.0179,-16.4896,23.5,21.8,57.0,1009.0,22.1,334,3,2026-05-14T17:45:24.325676+00:00,OK,
openweathermap,2026-05-14 17:45:24.167841+00:00,Saint-Louis,SL,16.0179,-16.4896,20.39,20.6,81.0,1009.0,6.16,305,801,2026-05-14T17:45:24.368100+00:00,OK,peu nuageux
open-meteo,2026-05-14 17:45:26.828153+00:00,Louga,LG,15.6179,-16.2241,28.0,26.9,44.0,1004.2,17.5,300,2,2026-05-14T17:45:31.394197+00:00,OK,
openweathermap,2026-05-14 17:45:31.255002+00:00,Louga,LG,15.6179,-16.2241,23.8,23.78,59.0,1009.0,7.12,292,804,2026-05-14T17:45:31.436429+00:00,OK,couvert
open-meteo,2026-05-14 17:45:39.726008+00:00,Matam,MT,15.6559,-13.2557,39.9,38.7,20.0,1002.8,14.2,294,0,2026-05-14T17:45:44.500982+00:00,OK,
openweathermap,2026-05-14 17:45:44.350204+00:00,Matam,MT,15.6559,-13.2557,41.03,44.7,29.0,1005.0,4.12,280,800,2026-05-14T17:45:44.568030+00:00,OK,ciel dégagé
open-meteo,2026-05-14 17:46:50.600881+00:00,Dakar,DK,14.6928,-17.4467,22.0,21.4,72.0,1009.5,21.0,353,0,2026-05-14T17:46:56.102195+00:00,OK,
openweathermap,2026-05-14 17:46:55.926999+00:00,Dakar,DK,14.6928,-17.4467,22.92,23.41,82.0,1011.0,7.2,320,801,2026-05-14T17:46:56.039923+00:00,OK,peu nuageux
open-meteo,2026-05-14 17:46:58.496537+00:00,Thiès,TH,14.7886,-16.9255,24.4,23.3,56.0,1001.4,19.2,336,3,2026-05-14T17:47:03.001497+00:00,OK,
openweathermap,2026-05-14 17:47:02.845018+00:00,Thiès,TH,14.7886,-16.9255,25.08,25.16,58.0,1010.0,5.96,326,803,2026-05-14T17:47:03.037421+00:00,OK,nuageux
open-meteo,2026-05-14 17:47:09.643989+00:00,Diourbel,DB,14.6554,-16.2322,32.5,31.8,34.0,1007.2,15.1,308,1,2026-05-14T17:47:14.544212+00:00,OK,
openweathermap,2026-05-14 17:47:14.231417+00:00,Diourbel,DB,14.6554,-16.2322,34.09,35.58,40.0,1008.0,3.09,360,800,2026-05-14T17:47:14.443509+00:00,OK,ciel dégagé
open-meteo,2026-05-14 17:47:21.274097+00:00,Fatick,FK,14.339,-16.4114,33.3,33.2,34.0,1007.9,13.0,309,1,2026-05-14T17:47:26.423724+00:00,OK,
openweathermap,2026-05-14 17:47:26.273173+00:00,Fatick,FK,14.339,-16.4114,29.81,29.7,42.0,1009.0,5.74,245,802,2026-05-14T17:47:26.500594+00:00,OK,partiellement nuageux
open-meteo,2026-05-14 17:47:29.267540+00:00,Kaolack,KL,14.1652,-16.0726,35.2,35.0,32.0,1007.1,14.7,276,1,2026-05-14T17:47:46.527972+00:00,OK,
open-meteo,2026-05-14 17:47:52.404718+00:00,Kaffrine,KF,14.1059,-15.5503,35.8,35.4,31.0,1006.2,16.8,275,1,2026-05-14T17:47:56.934237+00:00,OK,
openweathermap,2026-05-14 17:47:56.793625+00:00,Kaffrine,KF,14.1059,-15.5503,33.93,32.72,27.0,1008.0,7.9,235,802,2026-05-14T17:47:56.984895+00:00,OK,partiellement nuageux
open-meteo,2026-05-14 17:48:00.446307+00:00,Tambacounda,TC,13.7707,-13.6673,38.8,38.3,27.0,1002.8,17.7,241,0,2026-05-14T17:48:05.021040+00:00,OK,
openweathermap,2026-05-14 17:48:04.883217+00:00,Tambacounda,TC,13.7707,-13.6673,41.12,43.91,27.0,1005.0,4.12,250,800,2026-05-14T17:48:05.147826+00:00,OK,ciel dégagé
open-meteo,2026-05-14 17:48:10.815902+00:00,Kédougou,KD,12.5559,-12.1747,35.5,37.2,41.0,994.6,16.2,253,2,2026-05-14T17:48:15.441283+00:00,OK,
openweathermap,2026-05-14 17:48:15.290576+00:00,Kédougou,KD,12.5559,-12.1747,39.31,46.31,42.0,1007.0,5.66,230,801,2026-05-14T17:48:15.507165+00:00,OK,peu nuageux
open-meteo,2026-05-14 17:48:18.815383+00:00,Kolda,KO,12.8989,-14.9413,36.7,37.3,33.0,1004.4,15.4,253,0,2026-05-14T17:48:23.313126+00:00,OK,
openweathermap,2026-05-14 17:48:23.216546+00:00,Kolda,KO,12.8989,-14.9413,40.05,42.79,29.0,1007.0,5.14,220,800,2026-05-14T17:48:23.620964+00:00,OK,ciel dégagé
open-meteo,2026-05-14 17:48:29.111103+00:00,Sédhiou,SD,12.708,-15.5569,34.7,35.3,38.0,1006.0,16.6,248,0,2026-05-14T17:48:33.700904+00:00,OK,
openweathermap,2026-05-14 17:48:33.512059+00:00,Sédhiou,SD,12.708,-15.5569,35.71,35.49,29.0,1008.0,5.85,254,802,2026-05-14T17:48:33.773006+00:00,OK,partiellement nuageux
open-meteo,2026-05-14 17:48:39.162023+00:00,Ziguinchor,ZG,12.5681,-16.2719,29.8,29.8,43.0,1007.6,13.9,268,1,2026-05-14T17:48:43.938404+00:00,OK,
openweathermap,2026-05-14 17:48:43.762733+00:00,Ziguinchor,ZG,12.5681,-16.2719,32.03,35.7,55.0,1010.0,4.12,320,801,2026-05-14T17:48:44.020064+00:00,OK,peu nuageux
open-meteo,2026-05-14 17:48:49.763250+00:00,Saint-Louis,SL,16.0179,-16.4896,23.5,21.8,57.0,1009.0,22.1,334,3,2026-05-14T17:48:54.339407+00:00,OK,
openweathermap,2026-05-14 17:48:54.096106+00:00,Saint-Louis,SL,16.0179,-16.4896,20.39,20.6,81.0,1009.0,6.16,305,801,2026-05-14T17:48:54.409143+00:00,OK,peu nuageux
open-meteo,2026-05-14 17:48:57.776465+00:00,Louga,LG,15.6179,-16.2241,28.0,26.9,44.0,1004.2,17.5,300,2,2026-05-14T17:49:02.378686+00:00,OK,
openweathermap,2026-05-14 17:49:02.197521+00:00,Louga,LG,15.6179,-16.2241,23.8,23.78,59.0,1009.0,7.12,292,804,2026-05-14T17:49:02.467415+00:00,OK,couvert
open-meteo,2026-05-14 17:49:08.242368+00:00,Matam,MT,15.6559,-13.2557,39.9,38.7,20.0,1002.8,14.2,294,0,2026-05-14T17:49:12.801357+00:00,OK,
openweathermap,2026-05-14 17:49:12.648951+00:00,Matam,MT,15.6559,-13.2557,41.03,44.7,29.0,1005.0,4.12,280,800,2026-05-14T17:49:12.872605+00:00,OK,ciel dégagé
openweathermap,2026-05-14 17:50:37.864525+00:00,Dakar,DK,14.6928,-17.4467,22.92,23.41,82.0,1011.0,7.2,320,801,2026-05-14T17:50:38.002546+00:00,OK,peu nuageux
openweathermap,2026-05-14 17:51:04.220356+00:00,Thiès,TH,14.7886,-16.9255,25.08,25.16,58.0,1010.0,5.96,326,803,2026-05-14T17:51:04.377123+00:00,OK,nuageux
open-meteo,2026-05-14 17:51:11.895843+00:00,Diourbel,DB,14.6554,-16.2322,32.5,31.8,34.0,1007.2,15.1,308,1,2026-05-14T17:51:16.701759+00:00,OK,
openweathermap,2026-05-14 17:51:16.583310+00:00,Diourbel,DB,14.6554,-16.2322,34.09,35.58,40.0,1008.0,3.09,360,800,2026-05-14T17:51:16.776885+00:00,OK,ciel dégagé
open-meteo,2026-05-14 17:51:27.841922+00:00,Fatick,FK,14.339,-16.4114,33.3,33.2,34.0,1007.9,13.0,309,1,2026-05-14T17:51:32.794156+00:00,OK,
openweathermap,2026-05-14 17:51:32.696383+00:00,Fatick,FK,14.339,-16.4114,29.81,29.7,42.0,1009.0,5.74,245,802,2026-05-14T17:51:32.844905+00:00,OK,partiellement nuageux
open-meteo,2026-05-14 17:51:38.639052+00:00,Kaolack,KL,14.1652,-16.0726,35.2,35.0,32.0,1007.1,14.7,276,1,2026-05-14T17:51:43.085429+00:00,OK,
openweathermap,2026-05-14 17:51:42.982348+00:00,Kaolack,KL,14.1652,-16.0726,34.97,36.04,36.0,1009.0,5.14,280,800,2026-05-14T17:51:43.134392+00:00,OK,ciel dégagé
open-meteo,2026-05-14 17:51:48.607729+00:00,Kaffrine,KF,14.1059,-15.5503,35.8,35.4,31.0,1006.2,16.8,275,1,2026-05-14T17:51:53.253581+00:00,OK,
openweathermap,2026-05-14 17:51:53.125125+00:00,Kaffrine,KF,14.1059,-15.5503,33.93,32.72,27.0,1008.0,7.9,235,802,2026-05-14T17:51:53.649484+00:00,OK,partiellement nuageux
open-meteo,2026-05-14 17:51:59.170581+00:00,Tambacounda,TC,13.7707,-13.6673,38.8,38.3,27.0,1002.8,17.7,241,0,2026-05-14T17:52:04.657938+00:00,OK,
openweathermap,2026-05-14 17:52:04.530757+00:00,Tambacounda,TC,13.7707,-13.6673,41.12,43.91,27.0,1005.0,4.12,250,800,2026-05-14T17:52:04.698945+00:00,OK,ciel dégagé
open-meteo,2026-05-14 17:52:07.289147+00:00,Kédougou,KD,12.5559,-12.1747,35.5,37.2,41.0,994.6,16.2,253,2,2026-05-14T17:52:11.751860+00:00,OK,
openweathermap,2026-05-14 17:52:11.627709+00:00,Kédougou,KD,12.5559,-12.1747,39.31,46.31,42.0,1006.0,5.66,230,801,2026-05-14T17:52:11.816549+00:00,OK,peu nuageux
open-meteo,2026-05-14 17:52:17.762506+00:00,Kolda,KO,12.8989,-14.9413,36.7,37.3,33.0,1004.4,15.4,253,0,2026-05-14T17:52:22.244167+00:00,OK,
openweathermap,2026-05-14 17:52:22.104443+00:00,Kolda,KO,12.8989,-14.9413,40.05,42.79,29.0,1006.0,5.14,220,800,2026-05-14T17:52:22.294780+00:00,OK,ciel dégagé
open-meteo,2026-05-14 17:52:25.592110+00:00,Sédhiou,SD,12.708,-15.5569,34.7,35.3,38.0,1006.0,16.6,248,0,2026-05-14T17:52:30.265279+00:00,OK,
openweathermap,2026-05-14 17:52:30.025054+00:00,Sédhiou,SD,12.708,-15.5569,36.22,36.5,30.0,1007.0,6.0,250,803,2026-05-14T17:52:30.441519+00:00,OK,nuageux
open-meteo,2026-05-14 17:52:36.184946+00:00,Ziguinchor,ZG,12.5681,-16.2719,29.8,29.8,43.0,1007.6,13.9,268,1,2026-05-14T17:52:48.346065+00:00,OK,
openweathermap,2026-05-14 17:52:48.129976+00:00,Ziguinchor,ZG,12.5681,-16.2719,32.03,35.7,55.0,1010.0,4.12,320,801,2026-05-14T17:52:48.424622+00:00,OK,peu nuageux
open-meteo,2026-05-14 17:52:54.496678+00:00,Saint-Louis,SL,16.0179,-16.4896,23.5,21.8,57.0,1009.0,22.1,334,3,2026-05-14T17:52:59.880012+00:00,OK,
openweathermap,2026-05-14 17:52:59.770127+00:00,Saint-Louis,SL,16.0179,-16.4896,20.39,20.6,81.0,1009.0,6.16,305,801,2026-05-14T17:52:59.946934+00:00,OK,peu nuageux
open-meteo,2026-05-14 17:53:03.004511+00:00,Louga,LG,15.6179,-16.2241,28.0,26.9,44.0,1004.2,17.5,300,2,2026-05-14T17:53:07.741427+00:00,OK,
openweathermap,2026-05-14 17:53:07.657433+00:00,Louga,LG,15.6179,-16.2241,23.8,23.78,59.0,1009.0,7.12,292,804,2026-05-14T17:53:07.795053+00:00,OK,couvert
open-meteo,2026-05-14 17:53:15.912534+00:00,Matam,MT,15.6559,-13.2557,39.9,38.7,20.0,1002.8,14.2,294,0,2026-05-14T17:53:22.821105+00:00,OK,
openweathermap,2026-05-14 17:53:22.623761+00:00,Matam,MT,15.6559,-13.2557,41.03,44.7,29.0,1005.0,4.12,280,800,2026-05-14T17:53:22.864640+00:00,OK,ciel dégagé
open-meteo,2026-05-14 17:54:49.536147+00:00,Fatick,FK,14.339,-16.4114,33.3,33.2,34.0,1007.9,13.0,309,1,2026-05-14T17:54:58.502941+00:00,OK,
openweathermap,2026-05-14 17:54:58.410917+00:00,Fatick,FK,14.339,-16.4114,29.81,29.7,42.0,1009.0,5.74,245,802,2026-05-14T17:54:58.533612+00:00,OK,partiellement nuageux
open-meteo,2026-05-14 17:55:08.852718+00:00,Kaolack,KL,14.1652,-16.0726,35.2,35.0,32.0,1007.1,14.7,276,1,2026-05-14T17:55:13.255916+00:00,OK,
openweathermap,2026-05-14 17:55:13.152565+00:00,Kaolack,KL,14.1652,-16.0726,34.97,36.04,36.0,1009.0,5.14,280,800,2026-05-14T17:55:13.333060+00:00,OK,ciel dégagé
open-meteo,2026-05-14 17:55:19.090064+00:00,Kaffrine,KF,14.1059,-15.5503,35.8,35.4,31.0,1006.2,16.8,275,1,2026-05-14T17:55:23.648584+00:00,OK,
openweathermap,2026-05-14 17:55:23.512173+00:00,Kaffrine,KF,14.1059,-15.5503,33.93,32.72,27.0,1008.0,7.9,235,802,2026-05-14T17:55:23.756637+00:00,OK,partiellement nuageux
open-meteo,2026-05-14 17:55:27.231201+00:00,Tambacounda,TC,13.7707,-13.6673,38.8,38.3,27.0,1002.8,17.7,241,0,2026-05-14T17:55:33.326452+00:00,OK,
openweathermap,2026-05-14 17:55:33.121259+00:00,Tambacounda,TC,13.7707,-13.6673,41.12,43.91,27.0,1005.0,4.12,250,800,2026-05-14T17:55:33.262762+00:00,OK,ciel dégagé
open-meteo,2026-05-14 17:55:40.133315+00:00,Kédougou,KD,12.5559,-12.1747,35.5,37.2,41.0,994.6,16.2,253,2,2026-05-14T17:55:45.037226+00:00,OK,
openweathermap,2026-05-14 17:55:44.443612+00:00,Kédougou,KD,12.5559,-12.1747,39.31,46.31,42.0,1006.0,5.66,230,801,2026-05-14T17:55:45.099217+00:00,OK,peu nuageux
open-meteo,2026-05-14 17:55:47.016576+00:00,Kolda,KO,12.8989,-14.9413,36.7,37.3,33.0,1004.4,15.4,253,0,2026-05-14T17:55:51.658692+00:00,OK,
openweathermap,2026-05-14 17:55:51.371133+00:00,Kolda,KO,12.8989,-14.9413,40.05,42.79,29.0,1006.0,5.14,220,800,2026-05-14T17:55:51.562933+00:00,OK,ciel dégagé
open-meteo,2026-05-14 17:55:57.529034+00:00,Sédhiou,SD,12.708,-15.5569,34.7,35.3,38.0,1006.0,16.6,248,0,2026-05-14T17:56:01.937356+00:00,OK,
openweathermap,2026-05-14 17:56:01.809929+00:00,Sédhiou,SD,12.708,-15.5569,36.22,36.5,30.0,1007.0,6.0,250,803,2026-05-14T17:56:01.974725+00:00,OK,nuageux
open-meteo,2026-05-14 17:56:05.820663+00:00,Ziguinchor,ZG,12.5681,-16.2719,29.8,29.8,43.0,1007.6,13.9,268,1,2026-05-14T17:56:10.902087+00:00,OK,
openweathermap,2026-05-14 17:56:10.735475+00:00,Ziguinchor,ZG,12.5681,-16.2719,32.03,35.7,55.0,1010.0,4.12,320,801,2026-05-14T17:56:11.047005+00:00,OK,peu nuageux
open-meteo,2026-05-14 17:56:16.650139+00:00,Saint-Louis,SL,16.0179,-16.4896,23.5,21.8,57.0,1009.0,22.1,334,3,2026-05-14T17:56:21.263194+00:00,OK,
openweathermap,2026-05-14 17:56:21.088938+00:00,Saint-Louis,SL,16.0179,-16.4896,20.39,20.6,81.0,1009.0,6.16,305,801,2026-05-14T17:56:21.324994+00:00,OK,peu nuageux
open-meteo,2026-05-14 17:56:24.702789+00:00,Louga,LG,15.6179,-16.2241,28.0,26.9,44.0,1004.2,17.5,300,2,2026-05-14T17:56:29.306503+00:00,OK,
openweathermap,2026-05-14 17:56:29.173083+00:00,Louga,LG,15.6179,-16.2241,23.8,23.78,59.0,1009.0,7.12,292,804,2026-05-14T17:56:29.520738+00:00,OK,couvert
open-meteo,2026-05-14 17:56:35.289661+00:00,Matam,MT,15.6559,-13.2557,39.9,38.7,20.0,1002.8,14.2,294,0,2026-05-14T17:56:39.752313+00:00,OK,
openweathermap,2026-05-14 17:56:39.596300+00:00,Matam,MT,15.6559,-13.2557,41.03,44.7,29.0,1005.0,4.12,280,800,2026-05-14T17:56:39.789175+00:00,OK,ciel dégagé
open-meteo,2026-05-14 17:57:48.027008+00:00,Dakar,DK,14.6928,-17.4467,22.0,21.4,72.0,1009.5,21.0,353,0,2026-05-14T17:57:52.477067+00:00,OK,
openweathermap,2026-05-14 17:57:52.382805+00:00,Dakar,DK,14.6928,-17.4467,22.92,23.41,82.0,1011.0,7.2,320,801,2026-05-14T17:57:52.528140+00:00,OK,peu nuageux
open-meteo,2026-05-14 17:57:58.454835+00:00,Thiès,TH,14.7886,-16.9255,24.4,23.3,56.0,1001.4,19.2,336,3,2026-05-14T17:58:03.038004+00:00,OK,
openweathermap,2026-05-14 17:58:02.733915+00:00,Thiès,TH,14.7886,-16.9255,25.08,25.16,58.0,1010.0,5.96,326,803,2026-05-14T17:58:03.086138+00:00,OK,nuageux
open-meteo,2026-05-14 17:58:07.625986+00:00,Diourbel,DB,14.6554,-16.2322,32.5,31.8,34.0,1007.2,15.1,308,1,2026-05-14T17:58:12.102804+00:00,OK,
openweathermap,2026-05-14 17:58:11.925471+00:00,Diourbel,DB,14.6554,-16.2322,34.09,35.58,40.0,1008.0,3.09,360,800,2026-05-14T17:58:12.058160+00:00,OK,ciel dégagé
open-meteo,2026-05-14 17:58:18.227699+00:00,Fatick,FK,14.339,-16.4114,33.3,33.2,34.0,1007.9,13.0,309,1,2026-05-14T17:58:25.992476+00:00,OK,
openweathermap,2026-05-14 17:58:25.862177+00:00,Fatick,FK,14.339,-16.4114,29.81,29.7,42.0,1009.0,5.74,245,802,2026-05-14T17:58:25.953299+00:00,OK,partiellement nuageux
open-meteo,2026-05-14 17:58:32.367451+00:00,Kaolack,KL,14.1652,-16.0726,35.2,35.0,32.0,1007.1,14.7,276,1,2026-05-14T17:58:36.802581+00:00,OK,
openweathermap,2026-05-14 17:58:36.673352+00:00,Kaolack,KL,14.1652,-16.0726,34.97,36.04,36.0,1009.0,5.14,280,800,2026-05-14T17:58:36.842548+00:00,OK,ciel dégagé
open-meteo,2026-05-14 17:58:40.040131+00:00,Kaffrine,KF,14.1059,-15.5503,35.8,35.4,31.0,1006.2,16.8,275,1,2026-05-14T17:58:44.489557+00:00,OK,
openweathermap,2026-05-14 17:58:44.356561+00:00,Kaffrine,KF,14.1059,-15.5503,33.93,32.72,27.0,1008.0,7.9,235,802,2026-05-14T17:58:44.533623+00:00,OK,partiellement nuageux
open-meteo,2026-05-14 17:58:50.325511+00:00,Tambacounda,TC,13.7707,-13.6673,38.8,38.3,27.0,1002.8,17.7,241,0,2026-05-14T17:58:54.722870+00:00,OK,
openweathermap,2026-05-14 17:58:54.596139+00:00,Tambacounda,TC,13.7707,-13.6673,41.12,43.91,27.0,1005.0,4.12,250,800,2026-05-14T17:58:54.761469+00:00,OK,ciel dégagé
open-meteo,2026-05-14 17:58:58.339883+00:00,Kédougou,KD,12.5559,-12.1747,35.5,37.2,41.0,994.6,16.2,253,2,2026-05-14T17:59:02.723077+00:00,OK,
openweathermap,2026-05-14 17:59:02.633300+00:00,Kédougou,KD,12.5559,-12.1747,39.31,46.31,42.0,1006.0,5.66,230,801,2026-05-14T17:59:02.774371+00:00,OK,peu nuageux
open-meteo,2026-05-14 17:59:08.882386+00:00,Kolda,KO,12.8989,-14.9413,36.7,37.3,33.0,1004.4,15.4,253,0,2026-05-14T17:59:13.308802+00:00,OK,
openweathermap,2026-05-14 17:59:13.166931+00:00,Kolda,KO,12.8989,-14.9413,40.05,42.79,29.0,1006.0,5.14,220,800,2026-05-14T17:59:13.348119+00:00,OK,ciel dégagé
open-meteo,2026-05-14 17:59:16.548126+00:00,Sédhiou,SD,12.708,-15.5569,34.7,35.3,38.0,1006.0,16.6,248,0,2026-05-14T17:59:21.066323+00:00,OK,
openweathermap,2026-05-14 17:59:20.947811+00:00,Sédhiou,SD,12.708,-15.5569,36.22,36.5,30.0,1007.0,6.0,250,803,2026-05-14T17:59:21.126764+00:00,OK,nuageux
open-meteo,2026-05-14 17:59:26.834438+00:00,Ziguinchor,ZG,12.5681,-16.2719,29.8,29.8,43.0,1007.6,13.9,268,1,2026-05-14T17:59:31.430581+00:00,OK,
openweathermap,2026-05-14 17:59:31.207014+00:00,Ziguinchor,ZG,12.5681,-16.2719,32.03,35.7,55.0,1010.0,4.12,320,801,2026-05-14T17:59:31.529797+00:00,OK,peu nuageux
open-meteo,2026-05-14 17:59:35.024108+00:00,Saint-Louis,SL,16.0179,-16.4896,23.5,21.8,57.0,1009.0,22.1,334,3,2026-05-14T17:59:39.552434+00:00,OK,
openweathermap,2026-05-14 17:59:39.465206+00:00,Saint-Louis,SL,16.0179,-16.4896,20.39,20.6,81.0,1009.0,6.16,305,801,2026-05-14T17:59:39.597168+00:00,OK,peu nuageux
open-meteo,2026-05-14 17:59:45.563322+00:00,Louga,LG,15.6179,-16.2241,28.0,26.9,44.0,1004.2,17.5,300,2,2026-05-14T17:59:50.282723+00:00,OK,
openweathermap,2026-05-14 17:59:50.155763+00:00,Louga,LG,15.6179,-16.2241,23.8,23.78,59.0,1009.0,7.12,292,804,2026-05-14T17:59:50.395387+00:00,OK,couvert
open-meteo,2026-05-14 17:59:53.666266+00:00,Matam,MT,15.6559,-13.2557,39.9,38.7,20.0,1002.8,14.2,294,0,2026-05-14T17:59:58.487152+00:00,OK,
openweathermap,2026-05-14 17:59:58.292540+00:00,Matam,MT,15.6559,-13.2557,41.03,44.7,29.0,1005.0,4.12,280,800,2026-05-14T17:59:58.542084+00:00,OK,ciel dégagé
open-meteo,2026-05-14 18:01:05.555205+00:00,Dakar,DK,14.6928,-17.4467,21.9,21.3,73.0,1009.5,20.9,353,0,2026-05-14T18:01:10.538763+00:00,OK,
openweathermap,2026-05-14 18:01:10.397832+00:00,Dakar,DK,14.6928,-17.4467,22.92,23.41,82.0,1011.0,7.2,320,801,2026-05-14T18:01:10.589018+00:00,OK,peu nuageux
open-meteo,2026-05-14 18:01:17.100700+00:00,Thiès,TH,14.7886,-16.9255,23.9,22.8,58.0,1001.5,18.8,335,3,2026-05-14T18:01:21.610257+00:00,OK,
openweathermap,2026-05-14 18:01:21.438336+00:00,Thiès,TH,14.7886,-16.9255,25.08,25.16,58.0,1010.0,5.96,326,803,2026-05-14T18:01:21.575275+00:00,OK,nuageux
open-meteo,2026-05-14 18:01:24.995238+00:00,Diourbel,DB,14.6554,-16.2322,32.0,31.2,35.0,1007.3,15.1,308,1,2026-05-14T18:01:29.581866+00:00,OK,
openweathermap,2026-05-14 18:01:29.453504+00:00,Diourbel,DB,14.6554,-16.2322,34.09,35.58,40.0,1008.0,3.09,360,800,2026-05-14T18:01:29.836160+00:00,OK,ciel dégagé
open-meteo,2026-05-14 18:01:36.055594+00:00,Fatick,FK,14.339,-16.4114,32.7,32.5,35.0,1008.0,13.9,313,1,2026-05-14T18:01:40.475465+00:00,OK,
openweathermap,2026-05-14 18:01:40.346151+00:00,Fatick,FK,14.339,-16.4114,29.81,29.7,42.0,1009.0,5.74,245,802,2026-05-14T18:01:40.513740+00:00,OK,partiellement nuageux
open-meteo,2026-05-14 18:01:43.928579+00:00,Kaolack,KL,14.1652,-16.0726,34.8,34.8,33.0,1007.2,14.8,273,1,2026-05-14T18:01:48.377575+00:00,OK,
openweathermap,2026-05-14 18:01:48.240522+00:00,Kaolack,KL,14.1652,-16.0726,34.97,36.04,36.0,1009.0,5.14,280,800,2026-05-14T18:01:48.415077+00:00,OK,ciel dégagé
open-meteo,2026-05-14 18:01:54.477444+00:00,Kaffrine,KF,14.1059,-15.5503,35.5,35.2,32.0,1006.3,16.6,274,1,2026-05-14T18:01:59.303060+00:00,OK,
openweathermap,2026-05-14 18:01:59.154633+00:00,Kaffrine,KF,14.1059,-15.5503,33.93,32.72,27.0,1008.0,7.9,235,802,2026-05-14T18:01:59.342356+00:00,OK,partiellement nuageux
open-meteo,2026-05-14 18:02:02.896705+00:00,Tambacounda,TC,13.7707,-13.6673,38.5,38.1,27.0,1002.9,17.9,240,0,2026-05-14T18:02:07.858808+00:00,OK,
openweathermap,2026-05-14 18:02:07.704736+00:00,Tambacounda,TC,13.7707,-13.6673,41.12,43.91,27.0,1005.0,4.12,250,800,2026-05-14T18:02:07.948459+00:00,OK,ciel dégagé
open-meteo,2026-05-14 18:02:13.932362+00:00,Kédougou,KD,12.5559,-12.1747,35.3,37.1,42.0,994.7,15.5,252,3,2026-05-14T18:02:18.290183+00:00,OK,
openweathermap,2026-05-14 18:02:18.209608+00:00,Kédougou,KD,12.5559,-12.1747,39.31,46.31,42.0,1006.0,5.66,230,801,2026-05-14T18:02:18.569100+00:00,OK,peu nuageux
open-meteo,2026-05-14 18:02:21.982550+00:00,Kolda,KO,12.8989,-14.9413,36.4,37.0,34.0,1004.5,15.4,253,0,2026-05-14T18:02:26.650976+00:00,OK,
openweathermap,2026-05-14 18:02:26.520465+00:00,Kolda,KO,12.8989,-14.9413,40.05,42.79,29.0,1006.0,5.14,220,800,2026-05-14T18:02:26.694067+00:00,OK,ciel dégagé
open-meteo,2026-05-14 18:02:35.484425+00:00,Sédhiou,SD,12.708,-15.5569,34.2,34.9,39.0,1006.1,16.6,250,1,2026-05-14T18:02:37.554063+00:00,OK,
openweathermap,2026-05-14 18:02:37.384447+00:00,Sédhiou,SD,12.708,-15.5569,36.22,36.5,30.0,1007.0,6.0,250,803,2026-05-14T18:02:37.598765+00:00,OK,nuageux
open-meteo,2026-05-14 18:02:40.621493+00:00,Ziguinchor,ZG,12.5681,-16.2719,29.4,29.3,44.0,1007.7,13.7,269,1,2026-05-14T18:02:45.106426+00:00,OK,
openweathermap,2026-05-14 18:02:44.966539+00:00,Ziguinchor,ZG,12.5681,-16.2719,32.03,35.7,55.0,1010.0,4.12,320,801,2026-05-14T18:02:45.143227+00:00,OK,peu nuageux
open-meteo,2026-05-14 18:02:51.204438+00:00,Saint-Louis,SL,16.0179,-16.4896,23.1,21.5,58.0,1009.0,21.6,334,3,2026-05-14T18:02:55.673820+00:00,OK,
openweathermap,2026-05-14 18:02:55.544973+00:00,Saint-Louis,SL,16.0179,-16.4896,20.39,20.6,81.0,1009.0,6.16,305,801,2026-05-14T18:02:55.729819+00:00,OK,peu nuageux
open-meteo,2026-05-14 18:02:59.087145+00:00,Louga,LG,15.6179,-16.2241,27.4,26.3,46.0,1004.3,17.3,301,2,2026-05-14T18:03:03.574035+00:00,OK,
openweathermap,2026-05-14 18:03:03.375805+00:00,Louga,LG,15.6179,-16.2241,23.8,23.78,59.0,1009.0,7.12,292,804,2026-05-14T18:03:03.524885+00:00,OK,couvert
open-meteo,2026-05-14 18:03:09.392403+00:00,Matam,MT,15.6559,-13.2557,39.5,38.5,21.0,1002.9,13.4,296,0,2026-05-14T18:03:13.804407+00:00,OK,
openweathermap,2026-05-14 18:03:13.670502+00:00,Matam,MT,15.6559,-13.2557,41.03,44.7,29.0,1005.0,4.12,280,800,2026-05-14T18:03:13.843405+00:00,OK,ciel dégagé
open-meteo,2026-05-14 18:04:19.746909+00:00,Dakar,DK,14.6928,-17.4467,21.9,21.3,73.0,1009.5,20.9,353,0,2026-05-14T18:04:24.379669+00:00,OK,
openweathermap,2026-05-14 18:04:24.137923+00:00,Dakar,DK,14.6928,-17.4467,22.92,23.41,82.0,1011.0,7.2,320,801,2026-05-14T18:04:24.451277+00:00,OK,peu nuageux
open-meteo,2026-05-14 18:04:28.046354+00:00,Thiès,TH,14.7886,-16.9255,23.9,22.8,58.0,1001.5,18.8,335,3,2026-05-14T18:04:32.473937+00:00,OK,
openweathermap,2026-05-14 18:04:32.310176+00:00,Thiès,TH,14.7886,-16.9255,25.08,25.16,58.0,1010.0,5.96,326,803,2026-05-14T18:04:32.552016+00:00,OK,nuageux
open-meteo,2026-05-14 18:04:38.182956+00:00,Diourbel,DB,14.6554,-16.2322,32.0,31.2,35.0,1007.3,15.1,308,1,2026-05-14T18:04:42.832827+00:00,OK,
openweathermap,2026-05-14 18:04:42.744715+00:00,Diourbel,DB,14.6554,-16.2322,34.09,35.58,40.0,1008.0,3.09,360,800,2026-05-14T18:04:42.880765+00:00,OK,ciel dégagé
open-meteo,2026-05-14 18:04:46.252616+00:00,Fatick,FK,14.339,-16.4114,32.7,32.5,35.0,1008.0,13.9,313,1,2026-05-14T18:04:50.723914+00:00,OK,
openweathermap,2026-05-14 18:04:50.525712+00:00,Fatick,FK,14.339,-16.4114,29.81,29.7,42.0,1009.0,5.74,245,802,2026-05-14T18:04:50.660595+00:00,OK,partiellement nuageux
open-meteo,2026-05-14 18:04:56.440090+00:00,Kaolack,KL,14.1652,-16.0726,34.8,34.8,33.0,1007.2,14.8,273,1,2026-05-14T18:05:00.836874+00:00,OK,
openweathermap,2026-05-14 18:05:00.705341+00:00,Kaolack,KL,14.1652,-16.0726,34.97,36.04,36.0,1009.0,5.14,280,800,2026-05-14T18:05:00.873304+00:00,OK,ciel dégagé
open-meteo,2026-05-14 18:05:04.749189+00:00,Kaffrine,KF,14.1059,-15.5503,35.5,35.2,32.0,1006.3,16.6,274,1,2026-05-14T18:05:09.169050+00:00,OK,
openweathermap,2026-05-14 18:05:09.019719+00:00,Kaffrine,KF,14.1059,-15.5503,33.93,32.72,27.0,1008.0,7.9,235,802,2026-05-14T18:05:09.208821+00:00,OK,partiellement nuageux
open-meteo,2026-05-14 18:05:14.923299+00:00,Tambacounda,TC,13.7707,-13.6673,38.5,38.1,27.0,1002.9,17.9,240,0,2026-05-14T18:05:19.572467+00:00,OK,
openweathermap,2026-05-14 18:05:19.433591+00:00,Tambacounda,TC,13.7707,-13.6673,41.12,43.91,27.0,1005.0,4.12,250,800,2026-05-14T18:05:19.542722+00:00,OK,ciel dégagé
open-meteo,2026-05-14 18:05:22.982865+00:00,Kédougou,KD,12.5559,-12.1747,35.3,37.1,42.0,994.7,15.5,252,3,2026-05-14T18:05:27.351917+00:00,OK,
openweathermap,2026-05-14 18:05:27.264869+00:00,Kédougou,KD,12.5559,-12.1747,39.31,46.31,42.0,1006.0,5.66,230,801,2026-05-14T18:05:27.392615+00:00,OK,peu nuageux
open-meteo,2026-05-14 18:05:33.267863+00:00,Kolda,KO,12.8989,-14.9413,36.4,37.0,34.0,1004.5,15.4,253,0,2026-05-14T18:05:37.872201+00:00,OK,
openweathermap,2026-05-14 18:05:37.712998+00:00,Kolda,KO,12.8989,-14.9413,40.05,42.79,29.0,1006.0,5.14,220,800,2026-05-14T18:05:37.924327+00:00,OK,ciel dégagé
open-meteo,2026-05-14 18:05:41.442019+00:00,Sédhiou,SD,12.708,-15.5569,34.2,34.9,39.0,1006.1,16.6,250,1,2026-05-14T18:05:46.162022+00:00,OK,
openweathermap,2026-05-14 18:05:45.890953+00:00,Sédhiou,SD,12.708,-15.5569,36.22,36.5,30.0,1007.0,6.0,250,803,2026-05-14T18:05:46.067525+00:00,OK,nuageux
open-meteo,2026-05-14 18:05:55.043223+00:00,Ziguinchor,ZG,12.5681,-16.2719,29.4,29.3,44.0,1007.7,13.7,269,1,2026-05-14T18:06:09.459462+00:00,OK,
open-meteo,2026-05-14 18:06:15.890598+00:00,Saint-Louis,SL,16.0179,-16.4896,23.1,21.5,58.0,1009.0,21.6,334,3,2026-05-14T18:06:21.560366+00:00,OK,
openweathermap,2026-05-14 18:06:21.428000+00:00,Saint-Louis,SL,16.0179,-16.4896,20.39,20.6,81.0,1009.0,6.16,305,801,2026-05-14T18:06:21.519389+00:00,OK,peu nuageux
open-meteo,2026-05-14 18:06:28.837335+00:00,Louga,LG,15.6179,-16.2241,27.4,26.3,46.0,1004.3,17.3,301,2,2026-05-14T18:06:33.218307+00:00,OK,
openweathermap,2026-05-14 18:06:33.141183+00:00,Louga,LG,15.6179,-16.2241,23.8,23.78,59.0,1009.0,7.12,292,804,2026-05-14T18:06:33.252212+00:00,OK,couvert
open-meteo,2026-05-14 18:06:35.487579+00:00,Matam,MT,15.6559,-13.2557,39.5,38.5,21.0,1002.9,13.4,296,0,2026-05-14T18:06:39.940426+00:00,OK,
openweathermap,2026-05-14 18:06:39.805197+00:00,Matam,MT,15.6559,-13.2557,41.03,44.7,29.0,1005.0,4.12,280,800,2026-05-14T18:06:39.901180+00:00,OK,ciel dégagé
open-meteo,2026-05-14 18:07:47.246558+00:00,Dakar,DK,14.6928,-17.4467,21.9,21.3,73.0,1009.5,20.9,353,0,2026-05-14T18:07:54.875341+00:00,OK,
openweathermap,2026-05-14 18:07:54.724738+00:00,Dakar,DK,14.6928,-17.4467,22.93,23.42,82.0,1011.0,7.2,320,801,2026-05-14T18:07:54.953010+00:00,OK,peu nuageux
open-meteo,2026-05-14 18:08:00.957451+00:00,Thiès,TH,14.7886,-16.9255,23.9,22.8,58.0,1001.5,18.8,335,3,2026-05-14T18:08:05.857449+00:00,OK,
openweathermap,2026-05-14 18:08:05.776185+00:00,Thiès,TH,14.7886,-16.9255,25.06,25.21,61.0,1010.0,8.75,360,803,2026-05-14T18:08:06.102664+00:00,OK,nuageux
open-meteo,2026-05-14 18:08:08.740527+00:00,Diourbel,DB,14.6554,-16.2322,32.0,31.2,35.0,1007.3,15.1,308,1,2026-05-14T18:08:13.893239+00:00,OK,
openweathermap,2026-05-14 18:08:13.761631+00:00,Diourbel,DB,14.6554,-16.2322,32.49,31.65,32.0,1008.0,5.52,291,802,2026-05-14T18:08:13.939152+00:00,OK,partiellement nuageux
open-meteo,2026-05-14 18:08:19.723479+00:00,Fatick,FK,14.339,-16.4114,32.7,32.5,35.0,1008.0,13.9,313,1,2026-05-14T18:08:24.312027+00:00,OK,
openweathermap,2026-05-14 18:08:24.176213+00:00,Fatick,FK,14.339,-16.4114,29.81,29.7,42.0,1009.0,5.74,245,802,2026-05-14T18:08:24.371076+00:00,OK,partiellement nuageux
open-meteo,2026-05-14 18:08:27.797170+00:00,Kaolack,KL,14.1652,-16.0726,34.8,34.8,33.0,1007.2,14.8,273,1,2026-05-14T18:08:32.575950+00:00,OK,
openweathermap,2026-05-14 18:08:32.320770+00:00,Kaolack,KL,14.1652,-16.0726,31.11,30.38,35.0,1009.0,7.23,240,801,2026-05-14T18:08:32.483780+00:00,OK,peu nuageux
open-meteo,2026-05-14 18:08:39.801770+00:00,Kaffrine,KF,14.1059,-15.5503,35.5,35.2,32.0,1006.3,16.6,274,1,2026-05-14T18:08:49.556042+00:00,OK,
openweathermap,2026-05-14 18:08:49.472929+00:00,Kaffrine,KF,14.1059,-15.5503,33.93,32.72,27.0,1008.0,7.9,235,802,2026-05-14T18:08:49.607457+00:00,OK,partiellement nuageux
open-meteo,2026-05-14 18:08:55.897393+00:00,Tambacounda,TC,13.7707,-13.6673,38.5,38.1,27.0,1002.9,17.9,240,0,2026-05-14T18:09:00.470997+00:00,OK,
openweathermap,2026-05-14 18:09:00.356145+00:00,Tambacounda,TC,13.7707,-13.6673,40.73,39.46,17.0,1005.0,3.7,298,803,2026-05-14T18:09:00.517980+00:00,OK,nuageux
open-meteo,2026-05-14 18:09:03.996764+00:00,Kédougou,KD,12.5559,-12.1747,35.3,37.1,42.0,994.7,15.5,252,3,2026-05-14T18:09:09.412037+00:00,OK,
openweathermap,2026-05-14 18:09:09.287055+00:00,Kédougou,KD,12.5559,-12.1747,36.05,37.03,33.0,1006.0,3.97,220,804,2026-05-14T18:09:09.486667+00:00,OK,couvert
open-meteo,2026-05-14 18:09:15.683327+00:00,Kolda,KO,12.8989,-14.9413,36.4,37.0,34.0,1004.5,15.4,253,0,2026-05-14T18:09:20.142022+00:00,OK,
openweathermap,2026-05-14 18:09:20.016403+00:00,Kolda,KO,12.8989,-14.9413,38.56,39.07,26.0,1006.0,4.35,263,802,2026-05-14T18:09:20.348085+00:00,OK,partiellement nuageux
openweathermap,2026-05-14 18:09:41.340714+00:00,Sédhiou,SD,12.708,-15.5569,36.22,36.5,30.0,1007.0,6.0,250,803,2026-05-14T18:09:41.477792+00:00,OK,nuageux
open-meteo,2026-05-14 18:09:47.292853+00:00,Ziguinchor,ZG,12.5681,-16.2719,29.4,29.3,44.0,1007.7,13.7,269,1,2026-05-14T18:09:51.774312+00:00,OK,
openweathermap,2026-05-14 18:09:51.632004+00:00,Ziguinchor,ZG,12.5681,-16.2719,30.4,30.29,41.0,1010.0,5.7,258,802,2026-05-14T18:09:51.823260+00:00,OK,partiellement nuageux
open-meteo,2026-05-14 18:09:55.268648+00:00,Saint-Louis,SL,16.0179,-16.4896,23.1,21.5,58.0,1009.0,21.6,334,3,2026-05-14T18:09:59.898117+00:00,OK,
openweathermap,2026-05-14 18:09:59.634913+00:00,Saint-Louis,SL,16.0179,-16.4896,20.39,20.6,81.0,1009.0,6.16,305,801,2026-05-14T18:09:59.801935+00:00,OK,peu nuageux
open-meteo,2026-05-14 18:10:12.345203+00:00,Louga,LG,15.6179,-16.2241,27.4,26.3,46.0,1004.3,17.3,301,2,2026-05-14T18:10:17.101709+00:00,OK,
openweathermap,2026-05-14 18:10:16.985382+00:00,Louga,LG,15.6179,-16.2241,23.8,23.78,59.0,1009.0,7.12,292,804,2026-05-14T18:10:17.295948+00:00,OK,couvert
open-meteo,2026-05-14 18:10:23.200039+00:00,Matam,MT,15.6559,-13.2557,39.5,38.5,21.0,1002.9,13.4,296,0,2026-05-14T18:10:27.652152+00:00,OK,
openweathermap,2026-05-14 18:10:27.563878+00:00,Matam,MT,15.6559,-13.2557,40.45,39.1,17.0,1005.0,6.63,226,802,2026-05-14T18:10:28.007196+00:00,OK,partiellement nuageux
open-meteo,2026-05-14 18:11:33.475227+00:00,Dakar,DK,14.6928,-17.4467,21.9,21.3,73.0,1009.5,20.9,353,0,2026-05-14T18:11:38.059758+00:00,OK,
openweathermap,2026-05-14 18:11:37.872810+00:00,Dakar,DK,14.6928,-17.4467,22.36,22.79,82.0,1011.0,3.58,51,802,2026-05-14T18:11:38.124750+00:00,OK,partiellement nuageux
open-meteo,2026-05-14 18:11:41.529585+00:00,Thiès,TH,14.7886,-16.9255,23.9,22.8,58.0,1001.5,18.8,335,3,2026-05-14T18:11:46.071987+00:00,OK,
openweathermap,2026-05-14 18:11:45.884643+00:00,Thiès,TH,14.7886,-16.9255,25.06,25.21,61.0,1010.0,8.75,360,803,2026-05-14T18:11:46.016750+00:00,OK,nuageux
open-meteo,2026-05-14 18:11:51.797124+00:00,Diourbel,DB,14.6554,-16.2322,32.0,31.2,35.0,1007.3,15.1,308,1,2026-05-14T18:11:56.688662+00:00,OK,
openweathermap,2026-05-14 18:11:56.206379+00:00,Diourbel,DB,14.6554,-16.2322,32.49,31.65,32.0,1008.0,5.52,291,802,2026-05-14T18:11:56.326552+00:00,OK,partiellement nuageux
open-meteo,2026-05-14 18:11:59.886073+00:00,Fatick,FK,14.339,-16.4114,32.7,32.5,35.0,1008.0,13.9,313,1,2026-05-14T18:12:04.361260+00:00,OK,
openweathermap,2026-05-14 18:12:04.238636+00:00,Fatick,FK,14.339,-16.4114,29.81,29.7,42.0,1009.0,5.74,245,802,2026-05-14T18:12:04.394725+00:00,OK,partiellement nuageux
open-meteo,2026-05-14 18:12:10.139110+00:00,Kaolack,KL,14.1652,-16.0726,34.8,34.8,33.0,1007.2,14.8,273,1,2026-05-14T18:12:14.575442+00:00,OK,
openweathermap,2026-05-14 18:12:14.470705+00:00,Kaolack,KL,14.1652,-16.0726,31.11,30.38,35.0,1009.0,7.23,240,801,2026-05-14T18:12:14.627913+00:00,OK,peu nuageux
open-meteo,2026-05-14 18:12:18.187052+00:00,Kaffrine,KF,14.1059,-15.5503,35.5,35.2,32.0,1006.3,16.6,274,1,2026-05-14T18:12:22.673413+00:00,OK,
openweathermap,2026-05-14 18:12:22.545809+00:00,Kaffrine,KF,14.1059,-15.5503,33.93,32.72,27.0,1008.0,7.9,235,802,2026-05-14T18:12:22.738925+00:00,OK,partiellement nuageux
open-meteo,2026-05-14 18:12:28.466728+00:00,Tambacounda,TC,13.7707,-13.6673,38.5,38.1,27.0,1002.9,17.9,240,0,2026-05-14T18:12:32.905426+00:00,OK,
openweathermap,2026-05-14 18:12:32.797157+00:00,Tambacounda,TC,13.7707,-13.6673,40.73,39.46,17.0,1005.0,3.7,298,803,2026-05-14T18:12:32.976963+00:00,OK,nuageux
open-meteo,2026-05-14 18:12:36.476611+00:00,Kédougou,KD,12.5559,-12.1747,35.3,37.1,42.0,994.7,15.5,252,3,2026-05-14T18:12:40.943279+00:00,OK,
openweathermap,2026-05-14 18:12:40.781609+00:00,Kédougou,KD,12.5559,-12.1747,36.05,37.03,33.0,1006.0,3.97,220,804,2026-05-14T18:12:40.912575+00:00,OK,couvert
open-meteo,2026-05-14 18:12:46.693377+00:00,Kolda,KO,12.8989,-14.9413,36.4,37.0,34.0,1004.5,15.4,253,0,2026-05-14T18:12:51.195151+00:00,OK,
openweathermap,2026-05-14 18:12:51.025841+00:00,Kolda,KO,12.8989,-14.9413,38.56,39.07,26.0,1006.0,4.35,263,802,2026-05-14T18:12:51.158885+00:00,OK,partiellement nuageux
open-meteo,2026-05-14 18:12:54.762690+00:00,Sédhiou,SD,12.708,-15.5569,34.2,34.9,39.0,1006.1,16.6,250,1,2026-05-14T18:12:59.210504+00:00,OK,
openweathermap,2026-05-14 18:12:59.078267+00:00,Sédhiou,SD,12.708,-15.5569,36.22,36.5,30.0,1007.0,6.0,250,803,2026-05-14T18:12:59.254794+00:00,OK,nuageux
open-meteo,2026-05-14 18:13:04.985105+00:00,Ziguinchor,ZG,12.5681,-16.2719,29.4,29.3,44.0,1007.7,13.7,269,1,2026-05-14T18:13:09.529117+00:00,OK,
openweathermap,2026-05-14 18:13:09.395060+00:00,Ziguinchor,ZG,12.5681,-16.2719,30.4,30.29,41.0,1010.0,5.7,258,802,2026-05-14T18:13:09.558769+00:00,OK,partiellement nuageux
open-meteo,2026-05-14 18:13:13.021475+00:00,Saint-Louis,SL,16.0179,-16.4896,23.1,21.5,58.0,1009.0,21.6,334,3,2026-05-14T18:13:17.507657+00:00,OK,
openweathermap,2026-05-14 18:13:17.371051+00:00,Saint-Louis,SL,16.0179,-16.4896,20.39,20.6,81.0,1009.0,6.16,305,801,2026-05-14T18:13:17.540301+00:00,OK,peu nuageux
open-meteo,2026-05-14 18:13:23.262940+00:00,Louga,LG,15.6179,-16.2241,27.4,26.3,46.0,1004.3,17.3,301,2,2026-05-14T18:13:27.720860+00:00,OK,
openweathermap,2026-05-14 18:13:27.615583+00:00,Louga,LG,15.6179,-16.2241,23.8,23.78,59.0,1009.0,7.12,292,804,2026-05-14T18:13:27.785572+00:00,OK,couvert
open-meteo,2026-05-14 18:13:31.346692+00:00,Matam,MT,15.6559,-13.2557,39.5,38.5,21.0,1002.9,13.4,296,0,2026-05-14T18:13:35.907946+00:00,OK,
openweathermap,2026-05-14 18:13:35.820100+00:00,Matam,MT,15.6559,-13.2557,40.45,39.1,17.0,1005.0,6.63,226,802,2026-05-14T18:13:35.943255+00:00,OK,partiellement nuageux
open-meteo,2026-05-14 18:14:41.702668+00:00,Dakar,DK,14.6928,-17.4467,21.9,21.3,73.0,1009.5,20.9,353,0,2026-05-14T18:14:46.218482+00:00,OK,
openweathermap,2026-05-14 18:14:46.035075+00:00,Dakar,DK,14.6928,-17.4467,22.36,22.79,82.0,1011.0,3.58,51,802,2026-05-14T18:14:46.170996+00:00,OK,partiellement nuageux
open-meteo,2026-05-14 18:14:49.767949+00:00,Thiès,TH,14.7886,-16.9255,23.9,22.8,58.0,1001.5,18.8,335,3,2026-05-14T18:14:54.195118+00:00,OK,
openweathermap,2026-05-14 18:14:54.110692+00:00,Thiès,TH,14.7886,-16.9255,25.06,25.21,61.0,1010.0,8.75,360,803,2026-05-14T18:14:54.235915+00:00,OK,nuageux
open-meteo,2026-05-14 18:15:00.378620+00:00,Diourbel,DB,14.6554,-16.2322,31.4,30.6,36.0,1007.4,15.4,308,1,2026-05-14T18:15:04.819862+00:00,OK,
openweathermap,2026-05-14 18:15:04.704478+00:00,Diourbel,DB,14.6554,-16.2322,32.49,31.65,32.0,1008.0,5.52,291,802,2026-05-14T18:15:04.858195+00:00,OK,partiellement nuageux
open-meteo,2026-05-14 18:15:08.092814+00:00,Fatick,FK,14.339,-16.4114,32.0,31.6,37.0,1008.1,14.9,316,1,2026-05-14T18:15:12.505500+00:00,OK,
openweathermap,2026-05-14 18:15:12.402774+00:00,Fatick,FK,14.339,-16.4114,29.81,29.7,42.0,1009.0,5.74,245,802,2026-05-14T18:15:12.539655+00:00,OK,partiellement nuageux
open-meteo,2026-05-14 18:15:18.307641+00:00,Kaolack,KL,14.1652,-16.0726,34.3,34.4,35.0,1007.3,14.8,269,1,2026-05-14T18:15:23.065008+00:00,OK,
openweathermap,2026-05-14 18:15:22.654808+00:00,Kaolack,KL,14.1652,-16.0726,31.11,30.38,35.0,1009.0,7.23,240,801,2026-05-14T18:15:23.156327+00:00,OK,peu nuageux
open-meteo,2026-05-14 18:15:26.403496+00:00,Kaffrine,KF,14.1059,-15.5503,35.2,35.0,32.0,1006.4,15.7,271,2,2026-05-14T18:15:30.838338+00:00,OK,
openweathermap,2026-05-14 18:15:30.729951+00:00,Kaffrine,KF,14.1059,-15.5503,33.93,32.72,27.0,1008.0,7.9,235,802,2026-05-14T18:15:30.891039+00:00,OK,partiellement nuageux
open-meteo,2026-05-14 18:15:36.643556+00:00,Tambacounda,TC,13.7707,-13.6673,38.3,37.8,27.0,1003.0,17.9,236,0,2026-05-14T18:15:41.293368+00:00,OK,
openweathermap,2026-05-14 18:15:41.018987+00:00,Tambacounda,TC,13.7707,-13.6673,40.73,39.46,17.0,1005.0,3.7,298,803,2026-05-14T18:15:41.199011+00:00,OK,nuageux
open-meteo,2026-05-14 18:15:44.735451+00:00,Kédougou,KD,12.5559,-12.1747,35.1,36.9,42.0,994.7,15.4,254,3,2026-05-14T18:15:49.247469+00:00,OK,
openweathermap,2026-05-14 18:15:49.094508+00:00,Kédougou,KD,12.5559,-12.1747,36.05,37.03,33.0,1006.0,3.97,220,804,2026-05-14T18:15:49.303829+00:00,OK,couvert
open-meteo,2026-05-14 18:15:54.987324+00:00,Kolda,KO,12.8989,-14.9413,36.1,36.7,34.0,1004.6,15.3,253,0,2026-05-14T18:15:59.532342+00:00,OK,
openweathermap,2026-05-14 18:15:59.374122+00:00,Kolda,KO,12.8989,-14.9413,38.56,39.07,26.0,1006.0,4.35,263,802,2026-05-14T18:15:59.607491+00:00,OK,partiellement nuageux
open-meteo,2026-05-14 18:16:03.079201+00:00,Sédhiou,SD,12.708,-15.5569,33.7,34.4,40.0,1006.2,16.6,252,0,2026-05-14T18:16:07.529632+00:00,OK,
openweathermap,2026-05-14 18:16:07.425910+00:00,Sédhiou,SD,12.708,-15.5569,36.22,36.5,30.0,1007.0,6.0,250,803,2026-05-14T18:16:07.584508+00:00,OK,nuageux
open-meteo,2026-05-14 18:16:13.315589+00:00,Ziguinchor,ZG,12.5681,-16.2719,28.9,28.9,45.0,1007.8,13.1,269,1,2026-05-14T18:16:18.263534+00:00,OK,
openweathermap,2026-05-14 18:16:18.026680+00:00,Ziguinchor,ZG,12.5681,-16.2719,30.4,30.29,41.0,1010.0,5.7,258,802,2026-05-14T18:16:18.301406+00:00,OK,partiellement nuageux
open-meteo,2026-05-14 18:16:21.392184+00:00,Saint-Louis,SL,16.0179,-16.4896,22.8,21.3,60.0,1009.1,20.9,335,3,2026-05-14T18:16:25.978240+00:00,OK,
openweathermap,2026-05-14 18:16:25.782410+00:00,Saint-Louis,SL,16.0179,-16.4896,20.39,20.6,81.0,1009.0,6.16,305,801,2026-05-14T18:16:25.925508+00:00,OK,peu nuageux
open-meteo,2026-05-14 18:16:31.673706+00:00,Louga,LG,15.6179,-16.2241,26.7,25.7,47.0,1004.4,17.2,301,3,2026-05-14T18:16:36.159898+00:00,OK,
openweathermap,2026-05-14 18:16:36.000220+00:00,Louga,LG,15.6179,-16.2241,23.8,23.78,59.0,1009.0,7.12,292,804,2026-05-14T18:16:36.198679+00:00,OK,couvert
open-meteo,2026-05-14 18:16:39.747682+00:00,Matam,MT,15.6559,-13.2557,39.0,38.1,22.0,1003.0,12.3,299,0,2026-05-14T18:16:44.252154+00:00,OK,
openweathermap,2026-05-14 18:16:44.083231+00:00,Matam,MT,15.6559,-13.2557,40.45,39.1,17.0,1005.0,6.63,226,802,2026-05-14T18:16:44.321236+00:00,OK,partiellement nuageux
open-meteo,2026-05-14 18:17:50.103433+00:00,Dakar,DK,14.6928,-17.4467,21.7,21.1,74.0,1009.6,20.7,353,0,2026-05-14T18:17:54.619260+00:00,OK,
openweathermap,2026-05-14 18:17:54.416357+00:00,Dakar,DK,14.6928,-17.4467,22.36,22.79,82.0,1011.0,3.58,51,802,2026-05-14T18:17:54.572601+00:00,OK,partiellement nuageux
open-meteo,2026-05-14 18:17:58.258573+00:00,Thiès,TH,14.7886,-16.9255,23.4,22.4,60.0,1001.6,18.7,335,3,2026-05-14T18:18:02.828537+00:00,OK,
openweathermap,2026-05-14 18:18:02.615009+00:00,Thiès,TH,14.7886,-16.9255,24.08,24.06,58.0,1010.0,5.96,326,803,2026-05-14T18:18:02.766537+00:00,OK,nuageux
open-meteo,2026-05-14 18:18:08.549993+00:00,Diourbel,DB,14.6554,-16.2322,31.4,30.6,36.0,1007.4,15.4,308,1,2026-05-14T18:18:13.094659+00:00,OK,
openweathermap,2026-05-14 18:18:12.921971+00:00,Diourbel,DB,14.6554,-16.2322,32.49,31.65,32.0,1008.0,5.52,291,802,2026-05-14T18:18:13.059052+00:00,OK,partiellement nuageux
open-meteo,2026-05-14 18:18:16.568157+00:00,Fatick,FK,14.339,-16.4114,32.0,31.6,37.0,1008.1,14.9,316,1,2026-05-14T18:18:21.043252+00:00,OK,
openweathermap,2026-05-14 18:18:20.933579+00:00,Fatick,FK,14.339,-16.4114,29.81,29.7,42.0,1009.0,5.74,245,802,2026-05-14T18:18:21.118193+00:00,OK,partiellement nuageux
open-meteo,2026-05-14 18:18:26.900145+00:00,Kaolack,KL,14.1652,-16.0726,34.3,34.4,35.0,1007.3,14.8,269,1,2026-05-14T18:18:31.378226+00:00,OK,
openweathermap,2026-05-14 18:18:31.239486+00:00,Kaolack,KL,14.1652,-16.0726,31.11,30.38,35.0,1009.0,7.23,240,801,2026-05-14T18:18:31.444285+00:00,OK,peu nuageux
open-meteo,2026-05-14 18:18:34.933131+00:00,Kaffrine,KF,14.1059,-15.5503,35.2,35.0,32.0,1006.4,15.7,271,2,2026-05-14T18:18:39.439061+00:00,OK,
openweathermap,2026-05-14 18:18:39.284286+00:00,Kaffrine,KF,14.1059,-15.5503,33.93,32.72,27.0,1008.0,7.9,235,802,2026-05-14T18:18:39.474747+00:00,OK,partiellement nuageux
open-meteo,2026-05-14 18:18:45.177554+00:00,Tambacounda,TC,13.7707,-13.6673,38.3,37.8,27.0,1003.0,17.9,236,0,2026-05-14T18:18:49.780412+00:00,OK,
openweathermap,2026-05-14 18:18:49.578373+00:00,Tambacounda,TC,13.7707,-13.6673,40.73,39.46,17.0,1005.0,3.7,298,803,2026-05-14T18:18:49.731012+00:00,OK,nuageux
open-meteo,2026-05-14 18:18:53.230413+00:00,Kédougou,KD,12.5559,-12.1747,35.1,36.9,42.0,994.7,15.4,254,3,2026-05-14T18:18:57.699102+00:00,OK,
openweathermap,2026-05-14 18:18:57.608586+00:00,Kédougou,KD,12.5559,-12.1747,36.05,37.03,33.0,1006.0,3.97,220,804,2026-05-14T18:18:58.249050+00:00,OK,couvert
open-meteo,2026-05-14 18:19:03.499810+00:00,Kolda,KO,12.8989,-14.9413,36.1,36.7,34.0,1004.6,15.3,253,0,2026-05-14T18:19:08.018062+00:00,OK,
openweathermap,2026-05-14 18:19:07.863856+00:00,Kolda,KO,12.8989,-14.9413,38.56,39.07,26.0,1006.0,4.35,263,802,2026-05-14T18:19:08.085129+00:00,OK,partiellement nuageux
open-meteo,2026-05-14 18:19:11.645969+00:00,Sédhiou,SD,12.708,-15.5569,33.7,34.4,40.0,1006.2,16.6,252,0,2026-05-14T18:19:16.119392+00:00,OK,
openweathermap,2026-05-14 18:19:15.977664+00:00,Sédhiou,SD,12.708,-15.5569,36.22,36.5,30.0,1007.0,6.0,250,803,2026-05-14T18:19:16.176975+00:00,OK,nuageux
open-meteo,2026-05-14 18:19:21.882638+00:00,Ziguinchor,ZG,12.5681,-16.2719,28.9,28.9,45.0,1007.8,13.1,269,1,2026-05-14T18:19:26.346237+00:00,OK,
openweathermap,2026-05-14 18:19:26.257588+00:00,Ziguinchor,ZG,12.5681,-16.2719,30.4,30.29,41.0,1010.0,5.7,258,802,2026-05-14T18:19:26.401019+00:00,OK,partiellement nuageux
open-meteo,2026-05-14 18:19:30.676129+00:00,Saint-Louis,SL,16.0179,-16.4896,22.8,21.3,60.0,1009.1,20.9,335,3,2026-05-14T18:19:35.330291+00:00,OK,
openweathermap,2026-05-14 18:19:35.162071+00:00,Saint-Louis,SL,16.0179,-16.4896,20.39,20.6,81.0,1009.0,6.16,305,801,2026-05-14T18:19:35.276487+00:00,OK,peu nuageux
open-meteo,2026-05-14 18:19:41.069395+00:00,Louga,LG,15.6179,-16.2241,26.7,25.7,47.0,1004.4,17.2,301,3,2026-05-14T18:19:45.566618+00:00,OK,
openweathermap,2026-05-14 18:19:45.466816+00:00,Louga,LG,15.6179,-16.2241,23.8,23.78,59.0,1009.0,7.12,292,804,2026-05-14T18:19:45.624120+00:00,OK,couvert
open-meteo,2026-05-14 18:19:49.228622+00:00,Matam,MT,15.6559,-13.2557,39.0,38.1,22.0,1003.0,12.3,299,0,2026-05-14T18:19:53.817374+00:00,OK,
openweathermap,2026-05-14 18:19:53.595486+00:00,Matam,MT,15.6559,-13.2557,40.45,39.1,17.0,1005.0,6.63,226,802,2026-05-14T18:19:53.727680+00:00,OK,partiellement nuageux
open-meteo,2026-05-14 18:21:00.616051+00:00,Dakar,DK,14.6928,-17.4467,21.7,21.1,74.0,1009.6,20.7,353,0,2026-05-14T18:21:06.436907+00:00,OK,
openweathermap,2026-05-14 18:21:06.129671+00:00,Dakar,DK,14.6928,-17.4467,22.36,22.79,82.0,1011.0,5.36,51,802,2026-05-14T18:21:06.499648+00:00,OK,partiellement nuageux
